Time,vel,cur,tar_vel,identification_angle
1740042956.958439561,0.0165893,443,0.02,90
1740042956.961747631,0.0165893,457,0.02,90
1740042956.965304408,0.0155524,444,0.02,90
1740042956.968878424,0.0145156,458,0.02,90
1740042956.972492755,0.012442,455,0.02,90
1740042956.976096736,0.0103683,465,0.02,90
1740042956.979692274,0.00933146,486,0.02,90
1740042956.983291826,0.00933146,458,0.02,90
1740042956.986883697,0.00829463,484,0.02,90
1740042956.990491423,0.0072578,487,0.02,90
1740042956.994094888,0.00829463,477,0.02,90
1740042956.997694872,0.00829463,477,0.02,90
1740042957.001293396,0.0103683,508,0.02,90
1740042957.004881383,0.0114051,493,0.02,90
1740042957.008488153,0.0145156,484,0.02,90
1740042957.012096253,0.0165893,443,0.02,90
1740042957.015693331,0.0165893,426,0.02,90
1740042957.019279032,0.0165893,394,0.02,90
1740042957.022882878,0.0165893,424,0.02,90
1740042957.026486226,0.0165893,393,0.02,90
1740042957.030086715,0.0155524,405,0.02,90
1740042957.033692078,0.0145156,379,0.02,90
1740042957.037338980,0.0134788,409,0.02,90
1740042957.040883312,0.012442,416,0.02,90
1740042957.044491323,0.0134788,434,0.02,90
1740042957.048082242,0.0134788,435,0.02,90
1740042957.051688910,0.0134788,440,0.02,90
1740042957.055289338,0.0134788,480,0.02,90
1740042957.058880552,0.0145156,470,0.02,90
1740042957.062490646,0.0165893,440,0.02,90
1740042957.066080291,0.0186629,428,0.02,90
1740042957.069689471,0.0186629,421,0.02,90
1740042957.073287065,0.0186629,447,0.02,90
1740042957.076880315,0.0186629,388,0.02,90
1740042957.080492147,0.0165893,423,0.02,90
1740042957.084081818,0.0145156,462,0.02,90
1740042957.087689184,0.0145156,451,0.02,90
1740042957.091289175,0.0145156,408,0.02,90
1740042957.094887857,0.0145156,442,0.02,90
1740042957.098490710,0.0155524,484,0.02,90
1740042957.102081315,0.0176261,432,0.02,90
1740042957.105688953,0.0186629,460,0.02,90
1740042957.109280545,0.0196998,419,0.02,90
1740042957.112876356,0.0196998,387,0.02,90
1740042957.116489529,0.0207366,461,0.02,90
1740042957.120081065,0.0165893,451,0.02,90
1740042957.123688948,0.0165893,458,0.02,90
1740042957.127287782,0.0155524,492,0.02,90
1740042957.130888154,0.0155524,528,0.02,90
1740042957.134489932,0.0145156,471,0.02,90
1740042957.138082184,0.0155524,499,0.02,90
1740042957.141688370,0.0165893,510,0.02,90
1740042957.145286413,0.0176261,531,0.02,90
1740042957.148878663,0.0176261,504,0.02,90
1740042957.152487480,0.0196998,497,0.02,90
1740042957.156073697,0.0207366,514,0.02,90
1740042957.159687099,0.0207366,454,0.02,90
1740042957.163288240,0.0196998,485,0.02,90
1740042957.166894418,0.0186629,517,0.02,90
1740042957.170491139,0.0176261,510,0.02,90
1740042957.174080961,0.0165893,536,0.02,90
1740042957.177688982,0.0155524,545,0.02,90
1740042957.181288916,0.0165893,529,0.02,90
1740042957.184879242,0.0165893,538,0.02,90
1740042957.188489456,0.0176261,501,0.02,90
1740042957.192080463,0.0186629,550,0.02,90
1740042957.195688895,0.0186629,526,0.02,90
1740042957.199288025,0.0176261,510,0.02,90
1740042957.202887978,0.0176261,542,0.02,90
1740042957.206485007,0.0155524,550,0.02,90
1740042957.210080705,0.0155524,588,0.02,90
1740042957.213687603,0.0145156,606,0.02,90
1740042957.217294556,0.0145156,584,0.02,90
1740042957.220873307,0.0155524,595,0.02,90
1740042957.224488691,0.0165893,600,0.02,90
1740042957.228081665,0.0176261,583,0.02,90
1740042957.231749198,0.0176261,583,0.02,90
1740042957.235371061,0.0196998,574,0.02,90
1740042957.238969866,0.0217734,563,0.02,90
1740042957.242569607,0.0217734,528,0.02,90
1740042957.246167408,0.0207366,547,0.02,90
1740042957.249764902,0.0207366,547,0.02,90
1740042957.253312337,0.0207366,506,0.02,90
1740042957.256890347,0.0207366,510,0.02,90
1740042957.260500815,0.0207366,476,0.02,90
1740042957.264083100,0.0217734,459,0.02,90
1740042957.267699846,0.0217734,448,0.02,90
1740042957.271288552,0.0217734,466,0.02,90
1740042957.274889533,0.0207366,444,0.02,90
1740042957.278449478,0.0186629,453,0.02,90
1740042957.282086371,0.0186629,453,0.02,90
1740042957.285688064,0.0145156,508,0.02,90
1740042957.289288254,0.0134788,542,0.02,90
1740042957.292874033,0.0134788,521,0.02,90
1740042957.296490031,0.0145156,510,0.02,90
1740042957.300081590,0.0165893,560,0.02,90
1740042957.303690632,0.0165893,516,0.02,90
1740042957.307289939,0.0165893,516,0.02,90
1740042957.310888091,0.0217734,498,0.02,90
1740042957.314491453,0.0248839,471,0.02,90
1740042957.318084000,0.0248839,471,0.02,90
1740042957.321692146,0.0238471,456,0.02,90
1740042957.325288400,0.0217734,455,0.02,90
1740042957.328875275,0.0207366,453,0.02,90
1740042957.332492167,0.0186629,416,0.02,90
1740042957.336166435,0.0186629,459,0.02,90
1740042957.339692340,0.0186629,459,0.02,90
1740042957.343290619,0.0186629,452,0.02,90
1740042957.346888349,0.0186629,412,0.02,90
1740042957.350492881,0.0176261,495,0.02,90
1740042957.354098507,0.0165893,464,0.02,90
1740042957.357687148,0.0165893,477,0.02,90
1740042957.361291515,0.0155524,514,0.02,90
1740042957.364875914,0.0155524,552,0.02,90
1740042957.368483750,0.0145156,498,0.02,90
1740042957.372096113,0.0155524,554,0.02,90
1740042957.375689663,0.0155524,549,0.02,90
1740042957.379291357,0.0165893,559,0.02,90
1740042957.382891775,0.0165893,565,0.02,90
1740042957.386492757,0.0176261,556,0.02,90
1740042957.390090944,0.0186629,534,0.02,90
1740042957.393684674,0.0196998,532,0.02,90
1740042957.397287060,0.0196998,523,0.02,90
1740042957.400876629,0.0186629,555,0.02,90
1740042957.404481156,0.0176261,562,0.02,90
1740042957.408089172,0.0165893,546,0.02,90
1740042957.411692854,0.0155524,607,0.02,90
1740042957.415291977,0.0155524,605,0.02,90
1740042957.418882434,0.0165893,605,0.02,90
1740042957.422491146,0.0176261,622,0.02,90
1740042957.426091903,0.0165893,590,0.02,90
1740042957.429693903,0.0176261,585,0.02,90
1740042957.433290225,0.0186629,626,0.02,90
1740042957.436875729,0.0196998,604,0.02,90
1740042957.440482349,0.0186629,612,0.02,90
1740042957.444089215,0.0186629,605,0.02,90
1740042957.447692349,0.0186629,615,0.02,90
1740042957.451287579,0.0176261,600,0.02,90
1740042957.454887139,0.0186629,618,0.02,90
1740042957.458491800,0.0176261,614,0.02,90
1740042957.462087140,0.0186629,604,0.02,90
1740042957.465717693,0.0186629,604,0.02,90
1740042957.469292489,0.0217734,582,0.02,90
1740042957.472875291,0.0207366,579,0.02,90
1740042957.476484302,0.0207366,571,0.02,90
1740042957.480093261,0.0207366,579,0.02,90
1740042957.483694652,0.0165893,590,0.02,90
1740042957.487289645,0.0165893,607,0.02,90
1740042957.490888025,0.0165893,598,0.02,90
1740042957.494484057,0.0165893,614,0.02,90
1740042957.498110948,0.0176261,587,0.02,90
1740042957.501694749,0.0217734,595,0.02,90
1740042957.505290747,0.0217734,531,0.02,90
1740042957.508874724,0.0217734,540,0.02,90
1740042957.512481047,0.0228102,542,0.02,90
1740042957.516094090,0.0217734,532,0.02,90
1740042957.519694513,0.0207366,544,0.02,90
1740042957.523288445,0.0196998,520,0.02,90
1740042957.526889804,0.0196998,520,0.02,90
1740042957.530479324,0.0196998,504,0.02,90
1740042957.534114103,0.0196998,504,0.02,90
1740042957.537706821,0.0228102,492,0.02,90
1740042957.541257806,0.0238471,503,0.02,90
1740042957.544901737,0.0238471,448,0.02,90
1740042957.548523690,0.0228102,417,0.02,90
1740042957.552125180,0.0217734,421,0.02,90
1740042957.555697184,0.0196998,470,0.02,90
1740042957.559292771,0.0186629,460,0.02,90
1740042957.562908836,0.0186629,458,0.02,90
1740042957.566514199,0.0176261,433,0.02,90
1740042957.570097660,0.0176261,426,0.02,90
1740042957.573717156,0.0176261,426,0.02,90
1740042957.577292616,0.0217734,391,0.02,90
1740042957.580886969,0.0217734,377,0.02,90
1740042957.584477072,0.0207366,415,0.02,90
1740042957.588086937,0.0207366,389,0.02,90
1740042957.591700810,0.0176261,407,0.02,90
1740042957.595288819,0.0155524,429,0.02,90
1740042957.598889191,0.0145156,438,0.02,90
1740042957.602479028,0.0145156,424,0.02,90
1740042957.606082699,0.0145156,470,0.02,90
1740042957.609692663,0.0134788,475,0.02,90
1740042957.613280358,0.0145156,504,0.02,90
1740042957.616876516,0.0155524,472,0.02,90
1740042957.620478481,0.0165893,488,0.02,90
1740042957.624086093,0.0165893,465,0.02,90
1740042957.627686150,0.0155524,492,0.02,90
1740042957.631288658,0.0145156,529,0.02,90
1740042957.634886734,0.0145156,536,0.02,90
1740042957.638480862,0.0145156,518,0.02,90
1740042957.642086428,0.0145156,563,0.02,90
1740042957.645689562,0.0134788,606,0.02,90
1740042957.649286514,0.0155524,571,0.02,90
1740042957.652871550,0.0165893,615,0.02,90
1740042957.656478887,0.0165893,580,0.02,90
1740042957.660087517,0.0176261,586,0.02,90
1740042957.663693408,0.0186629,558,0.02,90
1740042957.667289252,0.0196998,579,0.02,90
1740042957.670892414,0.0186629,555,0.02,90
1740042957.674480090,0.0176261,549,0.02,90
1740042957.678086195,0.0165893,615,0.02,90
1740042957.681685382,0.0165893,596,0.02,90
1740042957.685280061,0.0155524,633,0.02,90
1740042957.688877429,0.0155524,621,0.02,90
1740042957.692480803,0.0165893,625,0.02,90
1740042957.696095834,0.0165893,624,0.02,90
1740042957.699743389,0.0196998,604,0.02,90
1740042957.703302051,0.0217734,550,0.02,90
1740042957.706894197,0.0217734,550,0.02,90
1740042957.710491243,0.0228102,562,0.02,90
1740042957.714106453,0.0228102,524,0.02,90
1740042957.717688898,0.0228102,524,0.02,90
1740042957.721291309,0.0217734,529,0.02,90
1740042957.724877029,0.0217734,494,0.02,90
1740042957.728496641,0.0217734,484,0.02,90
1740042957.732091185,0.0217734,484,0.02,90
1740042957.735692790,0.0217734,440,0.02,90
1740042957.739286147,0.0228102,466,0.02,90
1740042957.743045028,0.0228102,442,0.02,90
1740042957.746640997,0.0217734,436,0.02,90
1740042957.750254252,0.0207366,494,0.02,90
1740042957.753847626,0.0165893,497,0.02,90
1740042957.757439911,0.0155524,525,0.02,90
1740042957.761006652,0.0155524,540,0.02,90
1740042957.764668905,0.0165893,540,0.02,90
1740042957.768223051,0.0176261,505,0.02,90
1740042957.771841367,0.0228102,488,0.02,90
1740042957.775446185,0.0238471,494,0.02,90
1740042957.779027651,0.0238471,494,0.02,90
1740042957.782643607,0.0248839,452,0.02,90
1740042957.786240895,0.0248839,423,0.02,90
1740042957.789835654,0.0228102,383,0.02,90
1740042957.793422986,0.0217734,390,0.02,90
1740042957.797011944,0.0217734,363,0.02,90
1740042957.800650137,0.0217734,414,0.02,90
1740042957.804227921,0.0228102,372,0.02,90
1740042957.807823852,0.0228102,336,0.02,90
1740042957.811424574,0.0228102,360,0.02,90
1740042957.815044963,0.0228102,360,0.02,90
1740042957.818649417,0.0186629,418,0.02,90
1740042957.822238898,0.0155524,413,0.02,90
1740042957.825839466,0.0114051,482,0.02,90
1740042957.829428114,0.0114051,431,0.02,90
1740042957.833006961,0.0114051,480,0.02,90
1740042957.836647876,0.012442,529,0.02,90
1740042957.840244702,0.0145156,494,0.02,90
1740042957.843836235,0.0176261,518,0.02,90
1740042957.847441890,0.0176261,502,0.02,90
1740042957.851042967,0.0196998,520,0.02,90
1740042957.854637398,0.0196998,513,0.02,90
1740042957.858228007,0.0196998,506,0.02,90
1740042957.861846813,0.0186629,530,0.02,90
1740042957.865443519,0.0186629,521,0.02,90
1740042957.869023640,0.0165893,562,0.02,90
1740042957.872658343,0.0165893,537,0.02,90
1740042957.876238619,0.0165893,553,0.02,90
1740042957.879833581,0.0165893,570,0.02,90
1740042957.883421669,0.0165893,541,0.02,90
1740042957.887038371,0.0165893,541,0.02,90
1740042957.890624322,0.0165893,575,0.02,90
1740042957.894240946,0.0176261,568,0.02,90
1740042957.897837748,0.0165893,576,0.02,90
1740042957.901437615,0.0165893,604,0.02,90
1740042957.905014925,0.0165893,628,0.02,90
1740042957.908663019,0.0155524,626,0.02,90
1740042957.912233313,0.0145156,659,0.02,90
1740042957.915838332,0.0165893,649,0.02,90
1740042957.919430981,0.0165893,629,0.02,90
1740042957.923026027,0.0176261,674,0.02,90
1740042957.926629887,0.0186629,614,0.02,90
1740042957.930239716,0.0217734,601,0.02,90
1740042957.933940095,0.0207366,592,0.02,90
1740042957.937503011,0.0207366,566,0.02,90
1740042957.941026784,0.0196998,597,0.02,90
1740042957.944674132,0.0196998,615,0.02,90
1740042957.948313882,0.0176261,597,0.02,90
1740042957.951916825,0.0186629,606,0.02,90
1740042957.955499598,0.0186629,623,0.02,90
1740042957.959041681,0.0196998,562,0.02,90
1740042957.962632356,0.0196998,607,0.02,90
1740042957.966243692,0.0217734,533,0.02,90
1740042957.969853686,0.0217734,551,0.02,90
1740042957.973428233,0.0217734,561,0.02,90
1740042957.977007391,0.0217734,561,0.02,90
1740042957.980607199,0.0207366,516,0.02,90
1740042957.984237850,0.0186629,492,0.02,90
1740042957.987838463,0.0176261,520,0.02,90
1740042957.991428437,0.0176261,564,0.02,90
1740042957.995032284,0.0196998,584,0.02,90
1740042957.998605360,0.0196998,546,0.02,90
1740042958.002241962,0.0217734,538,0.02,90
1740042958.005843834,0.0228102,467,0.02,90
1740042958.009429436,0.0217734,502,0.02,90
1740042958.013006956,0.0228102,477,0.02,90
1740042958.016657984,0.0217734,464,0.02,90
1740042958.020224306,0.0196998,502,0.02,90
1740042958.023833804,0.0186629,476,0.02,90
1740042958.027439919,0.0186629,528,0.02,90
1740042958.031028670,0.0196998,494,0.02,90
1740042958.034637867,0.0196998,495,0.02,90
1740042958.038245339,0.0217734,475,0.02,90
1740042958.041846442,0.0238471,434,0.02,90
1740042958.045435764,0.0228102,401,0.02,90
1740042958.049020563,0.0217734,454,0.02,90
1740042958.052650675,0.0207366,448,0.02,90
1740042958.056224070,0.0207366,474,0.02,90
1740042958.059837312,0.0196998,475,0.02,90
1740042958.063445582,0.0196998,445,0.02,90
1740042958.067030758,0.0207366,428,0.02,90
1740042958.070629889,0.0196998,458,0.02,90
1740042958.074235826,0.0207366,413,0.02,90
1740042958.077860544,0.0207366,445,0.02,90
1740042958.081440397,0.0207366,445,0.02,90
1740042958.085008887,0.0165893,453,0.02,90
1740042958.088662053,0.0165893,468,0.02,90
1740042958.092242509,0.0145156,482,0.02,90
1740042958.095842049,0.0134788,497,0.02,90
1740042958.099428113,0.0114051,535,0.02,90
1740042958.103029417,0.0114051,537,0.02,90
1740042958.106638965,0.012442,528,0.02,90
1740042958.110234745,0.0145156,537,0.02,90
1740042958.113837144,0.0155524,538,0.02,90
1740042958.117433526,0.0165893,549,0.02,90
1740042958.121006976,0.0186629,526,0.02,90
1740042958.124665656,0.0176261,534,0.02,90
1740042958.128157894,0.0176261,538,0.02,90
1740042958.131698970,0.0176261,527,0.02,90
1740042958.135293797,0.0155524,544,0.02,90
1740042958.138893454,0.0145156,576,0.02,90
1740042958.142492538,0.0145156,585,0.02,90
1740042958.146088832,0.0145156,573,0.02,90
1740042958.149699117,0.0145156,575,0.02,90
1740042958.153292690,0.0155524,580,0.02,90
1740042958.156875384,0.0165893,575,0.02,90
1740042958.160487837,0.0155524,591,0.02,90
1740042958.164080966,0.0165893,582,0.02,90
1740042958.167689368,0.0165893,569,0.02,90
1740042958.171284681,0.0176261,585,0.02,90
1740042958.174889136,0.0176261,562,0.02,90
1740042958.178489235,0.0165893,584,0.02,90
1740042958.182090223,0.0165893,590,0.02,90
1740042958.185689928,0.0165893,571,0.02,90
1740042958.189288147,0.0165893,522,0.02,90
1740042958.192873014,0.0165893,529,0.02,90
1740042958.196492188,0.0176261,536,0.02,90
1740042958.200079545,0.0196998,532,0.02,90
1740042958.203689963,0.0207366,526,0.02,90
1740042958.207296147,0.0217734,514,0.02,90
1740042958.210887179,0.0207366,517,0.02,90
1740042958.214486839,0.0186629,498,0.02,90
1740042958.218079287,0.0176261,498,0.02,90
1740042958.221688689,0.0165893,508,0.02,90
1740042958.225291578,0.0155524,498,0.02,90
1740042958.228873634,0.0155524,532,0.02,90
1740042958.232488847,0.0145156,550,0.02,90
1740042958.236079816,0.0165893,510,0.02,90
1740042958.239687265,0.0176261,523,0.02,90
1740042958.243280986,0.0207366,514,0.02,90
1740042958.246886745,0.0228102,491,0.02,90
1740042958.250487695,0.0228102,484,0.02,90
1740042958.254080391,0.0228102,439,0.02,90
1740042958.257689906,0.0217734,437,0.02,90
1740042958.261285804,0.0207366,417,0.02,90
1740042958.264873146,0.0196998,451,0.02,90
1740042958.268488084,0.0196998,415,0.02,90
1740042958.272079008,0.0196998,364,0.02,90
1740042958.275690397,0.0196998,414,0.02,90
1740042958.279283904,0.0196998,414,0.02,90
1740042958.282893524,0.0217734,399,0.02,90
1740042958.286487433,0.0207366,415,0.02,90
1740042958.290089434,0.0196998,432,0.02,90
1740042958.293689924,0.0176261,409,0.02,90
1740042958.297285283,0.0176261,409,0.02,90
1740042958.300876579,0.012442,482,0.02,90
1740042958.304486774,0.012442,441,0.02,90
1740042958.308078969,0.0145156,469,0.02,90
1740042958.311691739,0.0155524,484,0.02,90
1740042958.315282243,0.0165893,479,0.02,90
1740042958.318885324,0.0186629,502,0.02,90
1740042958.322488977,0.0196998,451,0.02,90
1740042958.326087525,0.0196998,471,0.02,90
1740042958.329695753,0.0207366,479,0.02,90
1740042958.333279964,0.0207366,479,0.02,90
1740042958.336873301,0.0176261,485,0.02,90
1740042958.340488323,0.0176261,514,0.02,90
1740042958.344082244,0.0165893,512,0.02,90
1740042958.347700177,0.0165893,501,0.02,90
1740042958.351281843,0.0176261,486,0.02,90
1740042958.354886066,0.0196998,478,0.02,90
1740042958.358491636,0.0207366,490,0.02,90
1740042958.362090299,0.0196998,497,0.02,90
1740042958.365691146,0.0196998,472,0.02,90
1740042958.369286083,0.0186629,486,0.02,90
1740042958.372873465,0.0155524,530,0.02,90
1740042958.376486736,0.0155524,520,0.02,90
1740042958.380098203,0.0155524,563,0.02,90
1740042958.383692344,0.0155524,559,0.02,90
1740042958.387281570,0.0165893,575,0.02,90
1740042958.390887350,0.0186629,550,0.02,90
1740042958.394490962,0.0186629,547,0.02,90
1740042958.398090800,0.0207366,530,0.02,90
1740042958.401692181,0.0217734,497,0.02,90
1740042958.405281073,0.0228102,463,0.02,90
1740042958.408882160,0.0228102,465,0.02,90
1740042958.412488541,0.0217734,501,0.02,90
1740042958.416096002,0.0207366,451,0.02,90
1740042958.419688937,0.0196998,500,0.02,90
1740042958.423283049,0.0186629,492,0.02,90
1740042958.426888821,0.0196998,485,0.02,90
1740042958.430487687,0.0196998,495,0.02,90
1740042958.434089650,0.0217734,459,0.02,90
1740042958.437690717,0.0217734,443,0.02,90
1740042958.441281469,0.0217734,469,0.02,90
1740042958.444870509,0.0196998,461,0.02,90
1740042958.448486409,0.0176261,500,0.02,90
1740042958.452088764,0.0176261,489,0.02,90
1740042958.455689561,0.0165893,462,0.02,90
1740042958.459283477,0.0165893,504,0.02,90
1740042958.462887682,0.0165893,504,0.02,90
1740042958.466493078,0.0186629,453,0.02,90
1740042958.470088164,0.0186629,453,0.02,90
1740042958.473691143,0.0228102,438,0.02,90
1740042958.477288658,0.0238471,410,0.02,90
1740042958.480872520,0.0238471,393,0.02,90
1740042958.484493355,0.0238471,427,0.02,90
1740042958.488086823,0.0217734,391,0.02,90
1740042958.491693216,0.0207366,442,0.02,90
1740042958.495281317,0.0186629,450,0.02,90
1740042958.498909750,0.0196998,460,0.02,90
1740042958.502490003,0.0207366,374,0.02,90
1740042958.506086262,0.0217734,435,0.02,90
1740042958.509691254,0.0217734,406,0.02,90
1740042958.513301174,0.0217734,396,0.02,90
1740042958.516875660,0.0217734,396,0.02,90
1740042958.520481619,0.0207366,383,0.02,90
1740042958.524116144,0.0207366,383,0.02,90
1740042958.527717686,0.0196998,401,0.02,90
1740042958.531293062,0.0176261,380,0.02,90
1740042958.534884541,0.0186629,386,0.02,90
1740042958.538639394,0.0186629,427,0.02,90
1740042958.542128104,0.0196998,392,0.02,90
1740042958.545814875,0.0207366,412,0.02,90
1740042958.549427111,0.0207366,408,0.02,90
1740042958.553000836,0.0186629,431,0.02,90
1740042958.556659886,0.0176261,443,0.02,90
1740042958.560237412,0.0155524,455,0.02,90
1740042958.563852194,0.0145156,449,0.02,90
1740042958.567439950,0.0145156,521,0.02,90
1740042958.571039148,0.0155524,485,0.02,90
1740042958.574631963,0.0165893,513,0.02,90
1740042958.578241289,0.0186629,480,0.02,90
1740042958.581841529,0.0196998,495,0.02,90
1740042958.585438283,0.0196998,465,0.02,90
1740042958.589007379,0.0196998,482,0.02,90
1740042958.592653477,0.0196998,482,0.02,90
1740042958.596239589,0.0176261,507,0.02,90
1740042958.599843878,0.0176261,511,0.02,90
1740042958.603432471,0.0165893,550,0.02,90
1740042958.607039707,0.0176261,514,0.02,90
1740042958.610642691,0.0186629,495,0.02,90
1740042958.614226248,0.0186629,500,0.02,90
1740042958.617839465,0.0186629,504,0.02,90
1740042958.621438079,0.0196998,498,0.02,90
1740042958.625010131,0.0228102,462,0.02,90
1740042958.628675278,0.0217734,452,0.02,90
1740042958.632244491,0.0207366,452,0.02,90
1740042958.635841830,0.0207366,461,0.02,90
1740042958.639439217,0.0196998,462,0.02,90
1740042958.643045763,0.0196998,462,0.02,90
1740042958.646627107,0.0176261,504,0.02,90
1740042958.650250949,0.0186629,485,0.02,90
1740042958.653839033,0.0196998,470,0.02,90
1740042958.657443167,0.0217734,434,0.02,90
1740042958.661012004,0.0217734,434,0.02,90
1740042958.664660627,0.0217734,435,0.02,90
1740042958.668227365,0.0217734,435,0.02,90
1740042958.671840910,0.0196998,429,0.02,90
1740042958.675426074,0.0176261,414,0.02,90
1740042958.679026166,0.0176261,423,0.02,90
1740042958.682624077,0.0176261,445,0.02,90
1740042958.686246854,0.0186629,444,0.02,90
1740042958.689841319,0.0176261,492,0.02,90
1740042958.693436539,0.0196998,427,0.02,90
1740042958.697010270,0.0207366,458,0.02,90
1740042958.700662640,0.0207366,418,0.02,90
1740042958.704237982,0.0207366,418,0.02,90
1740042958.707837188,0.0196998,425,0.02,90
1740042958.711440628,0.0176261,439,0.02,90
1740042958.715039699,0.0176261,434,0.02,90
1740042958.718637646,0.0165893,417,0.02,90
1740042958.722226364,0.0186629,459,0.02,90
1740042958.725827339,0.0196998,433,0.02,90
1740042958.729443318,0.0217734,406,0.02,90
1740042958.733018267,0.0207366,372,0.02,90
1740042958.736644454,0.0207366,372,0.02,90
1740042958.740242731,0.0217734,449,0.02,90
1740042958.743836453,0.0176261,464,0.02,90
1740042958.747444150,0.0165893,494,0.02,90
1740042958.751048276,0.0145156,470,0.02,90
1740042958.754637152,0.0145156,470,0.02,90
1740042958.758243919,0.0145156,491,0.02,90
1740042958.761838768,0.0145156,545,0.02,90
1740042958.765436689,0.0165893,574,0.02,90
1740042958.769011655,0.0176261,514,0.02,90
1740042958.772665281,0.0196998,504,0.02,90
1740042958.776227665,0.0207366,504,0.02,90
1740042958.779833163,0.0207366,491,0.02,90
1740042958.783441047,0.0196998,504,0.02,90
1740042958.787034532,0.0186629,508,0.02,90
1740042958.790643730,0.0176261,521,0.02,90
1740042958.794245031,0.0165893,521,0.02,90
1740042958.797841808,0.0165893,540,0.02,90
1740042958.801442668,0.0165893,537,0.02,90
1740042958.805015888,0.0186629,493,0.02,90
1740042958.808657279,0.0186629,515,0.02,90
1740042958.812243478,0.0186629,537,0.02,90
1740042958.815829840,0.0176261,536,0.02,90
1740042958.819445836,0.0165893,537,0.02,90
1740042958.823030100,0.0155524,596,0.02,90
1740042958.826628118,0.0145156,607,0.02,90
1740042958.830231907,0.0134788,582,0.02,90
1740042958.833839387,0.0134788,614,0.02,90
1740042958.837439810,0.0134788,601,0.02,90
1740042958.841017707,0.0134788,630,0.02,90
1740042958.844662424,0.0134788,599,0.02,90
1740042958.848236475,0.0145156,604,0.02,90
1740042958.851839782,0.0155524,599,-0.02,90
1740042958.855438589,0.0145156,601,-0.02,90
1740042958.859047009,0.0165893,573,-0.02,90
1740042958.862625765,0.0165893,549,-0.02,90
1740042958.866242526,0.0155524,529,-0.02,90
1740042958.869834858,0.0155524,530,-0.02,90
1740042958.873442574,0.0155524,523,-0.02,90
1740042958.877010870,0.0114051,511,-0.02,90
1740042958.880651130,0.0103683,523,-0.02,90
1740042958.884244812,0.0103683,506,-0.02,90
1740042958.887826028,0.00933146,480,-0.02,90
1740042958.891438928,0.00933146,496,-0.02,90
1740042958.895042759,0.00622098,474,-0.02,90
1740042958.898631514,0.00518415,495,-0.02,90
1740042958.902236960,0.00518415,459,-0.02,90
1740042958.905827975,0.00311049,476,-0.02,90
1740042958.909437825,0.00311049,467,-0.02,90
1740042958.913017348,0.00207366,458,-0.02,90
1740042958.916657875,0.00103683,441,-0.02,90
1740042958.920236716,0.00103683,424,-0.02,90
1740042958.923835890,0,423,-0.02,90
1740042958.927431592,0,440,-0.02,90
1740042958.931037341,0,432,-0.02,90
1740042958.934642564,0,397,-0.02,90
1740042958.938317585,0,397,-0.02,90
1740042958.941842627,0,380,-0.02,90
1740042958.945503795,0,380,-0.02,90
1740042958.949032123,0,337,-0.02,90
1740042958.952726953,-0.00103683,346,-0.02,90
1740042958.956311371,-0.00103683,363,-0.02,90
1740042958.959858702,-0.00103683,321,-0.02,90
1740042958.963442800,-0.00207366,311,-0.02,90
1740042958.967039349,-0.00207366,267,-0.02,90
1740042958.970641269,-0.00311049,250,-0.02,90
1740042958.974242377,-0.00311049,267,-0.02,90
1740042958.977841312,-0.00414732,251,-0.02,90
1740042958.981444165,-0.00414732,250,-0.02,90
1740042958.985016986,-0.00518415,215,-0.02,90
1740042958.988649214,-0.00622098,216,-0.02,90
1740042958.992230967,-0.0072578,200,-0.02,90
1740042958.995851484,-0.00829463,184,-0.02,90
1740042958.999447064,-0.00933146,203,-0.02,90
1740042959.003040990,-0.0103683,196,-0.02,90
1740042959.006646065,-0.012442,206,-0.02,90
1740042959.010245826,-0.012442,194,-0.02,90
1740042959.013851319,-0.0114051,172,-0.02,90
1740042959.017440198,-0.0114051,186,-0.02,90
1740042959.021012851,-0.0134788,203,-0.02,90
1740042959.024668772,-0.0134788,180,-0.02,90
1740042959.028224709,-0.0134788,195,-0.02,90
1740042959.031839136,-0.0155524,199,-0.02,90
1740042959.035450527,-0.0165893,204,-0.02,90
1740042959.039037937,-0.0176261,248,-0.02,90
1740042959.042641915,-0.0176261,253,-0.02,90
1740042959.046244086,-0.0176261,253,-0.02,90
1740042959.049843492,-0.0165893,251,-0.02,90
1740042959.053435399,-0.0165893,222,-0.02,90
1740042959.057019151,-0.0114051,235,-0.02,90
1740042959.060660193,-0.0103683,208,-0.02,90
1740042959.064239157,-0.0103683,176,-0.02,90
1740042959.067838465,-0.00933146,167,-0.02,90
1740042959.071447435,-0.00933146,156,-0.02,90
1740042959.075025116,-0.00933146,141,-0.02,90
1740042959.078625989,-0.00933146,97,-0.02,90
1740042959.082245907,-0.0103683,104,-0.02,90
1740042959.085848763,-0.0103683,87,-0.02,90
1740042959.089427855,-0.0114051,102,-0.02,90
1740042959.093018380,-0.0114051,102,-0.02,90
1740042959.096670349,-0.0155524,95,-0.02,90
1740042959.100226924,-0.0165893,115,-0.02,90
1740042959.103837886,-0.0176261,87,-0.02,90
1740042959.107430342,-0.0165893,113,-0.02,90
1740042959.111156180,-0.0176261,115,-0.02,90
1740042959.114654162,-0.0176261,133,-0.02,90
1740042959.118236111,-0.0165893,94,-0.02,90
1740042959.121844374,-0.0165893,121,-0.02,90
1740042959.125482058,-0.0165893,106,-0.02,90
1740042959.129036881,-0.0165893,90,-0.02,90
1740042959.132721086,-0.0165893,39,-0.02,90
1740042959.136301418,-0.0176261,95,-0.02,90
1740042959.139902498,-0.0176261,90,-0.02,90
1740042959.143510132,-0.0186629,45,-0.02,90
1740042959.147113385,-0.0176261,52,-0.02,90
1740042959.150705998,-0.0165893,39,-0.02,90
1740042959.154310816,-0.0145156,55,-0.02,90
1740042959.157903249,-0.0134788,64,-0.02,90
1740042959.161441071,-0.0134788,58,-0.02,90
1740042959.165016447,-0.012442,-38,-0.02,90
1740042959.168665293,-0.012442,-11,-0.02,90
1740042959.172237647,-0.0134788,0,-0.02,90
1740042959.175838586,-0.0134788,0,-0.02,90
1740042959.179437637,-0.0134788,-26,-0.02,90
1740042959.183020915,-0.0165893,-26,-0.02,90
1740042959.186639892,-0.0176261,-18,-0.02,90
1740042959.190240070,-0.0196998,-35,-0.02,90
1740042959.193846701,-0.0217734,12,-0.02,90
1740042959.197439838,-0.0217734,9,-0.02,90
1740042959.201012185,-0.0217734,19,-0.02,90
1740042959.204658847,-0.0196998,39,-0.02,90
1740042959.208236173,-0.0196998,-16,-0.02,90
1740042959.211836945,-0.0176261,-34,-0.02,90
1740042959.215444834,-0.0155524,-47,-0.02,90
1740042959.219045596,-0.0165893,-25,-0.02,90
1740042959.222639526,-0.0186629,-15,-0.02,90
1740042959.226230865,-0.0186629,-20,-0.02,90
1740042959.229841128,-0.0186629,-20,-0.02,90
1740042959.233443549,-0.0207366,13,-0.02,90
1740042959.237012733,-0.0207366,-20,-0.02,90
1740042959.240664982,-0.0207366,-20,-0.02,90
1740042959.244246742,-0.0176261,-15,-0.02,90
1740042959.247829502,-0.0165893,-4,-0.02,90
1740042959.251427988,-0.0165893,-26,-0.02,90
1740042959.255040573,-0.0165893,-17,-0.02,90
1740042959.258642346,-0.0196998,-52,-0.02,90
1740042959.262231165,-0.0207366,-1,-0.02,90
1740042959.265838379,-0.0228102,2,-0.02,90
1740042959.269438325,-0.0238471,10,-0.02,90
1740042959.273010106,-0.0248839,38,-0.02,90
1740042959.276653046,-0.0238471,55,-0.02,90
1740042959.280233978,-0.0228102,52,-0.02,90
1740042959.283840233,-0.0196998,36,-0.02,90
1740042959.287432184,-0.0186629,31,-0.02,90
1740042959.291046011,-0.0207366,37,-0.02,90
1740042959.294634454,-0.0207366,50,-0.02,90
1740042959.298244065,-0.0196998,31,-0.02,90
1740042959.301840479,-0.0217734,71,-0.02,90
1740042959.305439132,-0.0217734,85,-0.02,90
1740042959.309003976,-0.0207366,53,-0.02,90
1740042959.312652098,-0.0186629,53,-0.02,90
1740042959.316247543,-0.0176261,70,-0.02,90
1740042959.319837648,-0.0165893,19,-0.02,90
1740042959.323440920,-0.0165893,21,-0.02,90
1740042959.327040814,-0.0165893,9,-0.02,90
1740042959.330633641,-0.0176261,43,-0.02,90
1740042959.334238080,-0.0186629,24,-0.02,90
1740042959.337838026,-0.0196998,45,-0.02,90
1740042959.341437329,-0.0196998,17,-0.02,90
1740042959.345019935,-0.0207366,-13,-0.02,90
1740042959.348665378,-0.0176261,0,-0.02,90
1740042959.352235705,-0.0165893,3,-0.02,90
1740042959.355839058,-0.0155524,-50,-0.02,90
1740042959.359438189,-0.0145156,-60,-0.02,90
1740042959.363041230,-0.012442,-21,-0.02,90
1740042959.366646002,-0.0145156,-26,-0.02,90
1740042959.370251727,-0.0165893,-71,-0.02,90
1740042959.373831127,-0.0165893,-30,-0.02,90
1740042959.377435657,-0.0186629,-16,-0.02,90
1740042959.381017352,-0.0207366,-66,-0.02,90
1740042959.384651011,-0.0207366,-37,-0.02,90
1740042959.388236231,-0.0217734,-43,-0.02,90
1740042959.391834734,-0.0196998,-73,-0.02,90
1740042959.395454754,-0.0196998,-59,-0.02,90
1740042959.399034661,-0.0196998,-31,-0.02,90
1740042959.402633219,-0.0176261,-17,-0.02,90
1740042959.406238792,-0.0186629,-61,-0.02,90
1740042959.409837011,-0.0196998,-10,-0.02,90
1740042959.413432859,-0.0196998,-35,-0.02,90
1740042959.417020443,-0.0217734,-34,-0.02,90
1740042959.420656403,-0.0228102,-25,-0.02,90
1740042959.424241744,-0.0228102,1,-0.02,90
1740042959.427835472,-0.0217734,9,-0.02,90
1740042959.431436047,-0.0217734,0,-0.02,90
1740042959.435038529,-0.0186629,-13,-0.02,90
1740042959.438629110,-0.0196998,55,-0.02,90
1740042959.442240955,-0.0207366,5,-0.02,90
1740042959.445835557,-0.0217734,14,-0.02,90
1740042959.449434310,-0.0228102,62,-0.02,90
1740042959.453010949,-0.0238471,65,-0.02,90
1740042959.456653740,-0.0228102,104,-0.02,90
1740042959.460242456,-0.0228102,104,-0.02,90
1740042959.463832949,-0.0196998,86,-0.02,90
1740042959.467454289,-0.0176261,63,-0.02,90
1740042959.471041148,-0.0165893,58,-0.02,90
1740042959.474623801,-0.0155524,23,-0.02,90
1740042959.478243162,-0.0155524,7,-0.02,90
1740042959.481841607,-0.0176261,25,-0.02,90
1740042959.485427748,-0.0186629,33,-0.02,90
1740042959.489016702,-0.0207366,24,-0.02,90
1740042959.492663672,-0.0228102,61,-0.02,90
1740042959.496222725,-0.0217734,74,-0.02,90
1740042959.499820878,-0.0217734,80,-0.02,90
1740042959.503444810,-0.0217734,51,-0.02,90
1740042959.507043436,-0.0207366,79,-0.02,90
1740042959.510637442,-0.0207366,81,-0.02,90
1740042959.514238999,-0.0196998,104,-0.02,90
1740042959.517836261,-0.0217734,99,-0.02,90
1740042959.521437797,-0.0228102,82,-0.02,90
1740042959.525059044,-0.0217734,112,-0.02,90
1740042959.528727680,-0.0217734,124,-0.02,90
1740042959.532305146,-0.0217734,134,-0.02,90
1740042959.535903698,-0.0186629,94,-0.02,90
1740042959.539448775,-0.0165893,65,-0.02,90
1740042959.542992139,-0.0165893,70,-0.02,90
1740042959.546563768,-0.0145156,33,-0.02,90
1740042959.550311216,-0.0145156,52,-0.02,90
1740042959.553905655,-0.0155524,34,-0.02,90
1740042959.557512146,-0.0165893,60,-0.02,90
1740042959.561030712,-0.0186629,17,-0.02,90
1740042959.564667141,-0.0207366,76,-0.02,90
1740042959.568248386,-0.0207366,76,-0.02,90
1740042959.571835785,-0.0196998,52,-0.02,90
1740042959.575435699,-0.0196998,39,-0.02,90
1740042959.579044003,-0.0176261,13,-0.02,90
1740042959.582643384,-0.0165893,0,-0.02,90
1740042959.586222662,-0.0165893,32,-0.02,90
1740042959.589838719,-0.0165893,-6,-0.02,90
1740042959.593443327,-0.0165893,19,-0.02,90
1740042959.597018107,-0.0176261,4,-0.02,90
1740042959.600663674,-0.0196998,5,-0.02,90
1740042959.604230391,-0.0196998,26,-0.02,90
1740042959.607842346,-0.0186629,-10,-0.02,90
1740042959.611436348,-0.0176261,-13,-0.02,90
1740042959.615036243,-0.0165893,-3,-0.02,90
1740042959.618639708,-0.0145156,-42,-0.02,90
1740042959.622239417,-0.0145156,-2,-0.02,90
1740042959.625838925,-0.0134788,-77,-0.02,90
1740042959.629440804,-0.0134788,-78,-0.02,90
1740042959.633019547,-0.0155524,-35,-0.02,90
1740042959.636658893,-0.0176261,-35,-0.02,90
1740042959.640234314,-0.0196998,-20,-0.02,90
1740042959.643834723,-0.0217734,-17,-0.02,90
1740042959.647440362,-0.0238471,-33,-0.02,90
1740042959.651042922,-0.0248839,2,-0.02,90
1740042959.654645675,-0.0248839,2,-0.02,90
1740042959.658252631,-0.0228102,48,-0.02,90
1740042959.661824620,-0.0228102,35,-0.02,90
1740042959.665426776,-0.0228102,35,-0.02,90
1740042959.669015689,-0.0238471,60,-0.02,90
1740042959.672661858,-0.0238471,118,-0.02,90
1740042959.676253928,-0.0238471,105,-0.02,90
1740042959.679838768,-0.0228102,88,-0.02,90
1740042959.683442657,-0.0217734,72,-0.02,90
1740042959.687108814,-0.0207366,132,-0.02,90
1740042959.690705144,-0.0176261,56,-0.02,90
1740042959.694307627,-0.0165893,50,-0.02,90
1740042959.697905734,-0.0165893,50,-0.02,90
1740042959.701444871,-0.0165893,71,-0.02,90
1740042959.705028724,-0.0186629,78,-0.02,90
1740042959.708676530,-0.0228102,112,-0.02,90
1740042959.712256845,-0.0248839,135,-0.02,90
1740042959.715909232,-0.0248839,135,-0.02,90
1740042959.719439799,-0.0248839,157,-0.02,90
1740042959.723048575,-0.0248839,128,-0.02,90
1740042959.726669431,-0.0248839,128,-0.02,90
1740042959.730255067,-0.0217734,142,-0.02,90
1740042959.733918060,-0.0217734,140,-0.02,90
1740042959.737438009,-0.0217734,155,-0.02,90
1740042959.741012474,-0.0196998,162,-0.02,90
1740042959.744648823,-0.0186629,139,-0.02,90
1740042959.748231983,-0.0186629,139,-0.02,90
1740042959.751825761,-0.0196998,141,-0.02,90
1740042959.755437346,-0.0186629,156,-0.02,90
1740042959.759038902,-0.0176261,118,-0.02,90
1740042959.762630385,-0.0165893,107,-0.02,90
1740042959.766233901,-0.0165893,105,-0.02,90
1740042959.769833132,-0.0155524,86,-0.02,90
1740042959.773434875,-0.0155524,86,-0.02,90
1740042959.777010124,-0.0165893,86,-0.02,90
1740042959.780643799,-0.0165893,68,-0.02,90
1740042959.784233778,-0.0176261,79,-0.02,90
1740042959.787835542,-0.0186629,67,-0.02,90
1740042959.791430253,-0.0176261,60,-0.02,90
1740042959.795035141,-0.0165893,53,-0.02,90
1740042959.798626299,-0.0134788,9,-0.02,90
1740042959.802225801,-0.0134788,-10,-0.02,90
1740042959.805836632,-0.0134788,23,-0.02,90
1740042959.809431705,-0.0145156,-10,-0.02,90
1740042959.813009835,-0.0145156,-20,-0.02,90
1740042959.816679266,-0.0165893,-45,-0.02,90
1740042959.820237431,-0.0186629,-35,-0.02,90
1740042959.823838399,-0.0196998,9,-0.02,90
1740042959.827427419,-0.0217734,-30,-0.02,90
1740042959.831033578,-0.0217734,22,-0.02,90
1740042959.834633777,-0.0228102,-17,-0.02,90
1740042959.838236977,-0.0228102,-8,-0.02,90
1740042959.841839969,-0.0217734,35,-0.02,90
1740042959.845436352,-0.0207366,66,-0.02,90
1740042959.849018385,-0.0207366,37,-0.02,90
1740042959.852650147,-0.0196998,61,-0.02,90
1740042959.856225018,-0.0217734,60,-0.02,90
1740042959.859835898,-0.0228102,68,-0.02,90
1740042959.863436574,-0.0217734,97,-0.02,90
1740042959.867043913,-0.0228102,122,-0.02,90
1740042959.870631778,-0.0217734,105,-0.02,90
1740042959.874225365,-0.0186629,51,-0.02,90
1740042959.877831195,-0.0176261,49,-0.02,90
1740042959.881419493,-0.0165893,86,-0.02,90
1740042959.885017022,-0.0165893,49,-0.02,90
1740042959.888662491,-0.0165893,74,-0.02,90
1740042959.892236523,-0.0196998,49,-0.02,90
1740042959.895835206,-0.0207366,60,-0.02,90
1740042959.899420164,-0.0217734,116,-0.02,90
1740042959.903032740,-0.0228102,120,-0.02,90
1740042959.906634737,-0.0228102,124,-0.02,90
1740042959.910240664,-0.0217734,121,-0.02,90
1740042959.913838061,-0.0196998,90,-0.02,90
1740042959.917438603,-0.0186629,92,-0.02,90
1740042959.921015170,-0.0186629,127,-0.02,90
1740042959.924661729,-0.0186629,138,-0.02,90
1740042959.928240920,-0.0217734,120,-0.02,90
1740042959.931836304,-0.0217734,128,-0.02,90
1740042959.935437423,-0.0228102,139,-0.02,90
1740042959.939026540,-0.0238471,188,-0.02,90
1740042959.942634557,-0.0217734,155,-0.02,90
1740042959.946246640,-0.0207366,147,-0.02,90
1740042959.949842695,-0.0207366,120,-0.02,90
1740042959.953441131,-0.0186629,122,-0.02,90
1740042959.957018386,-0.0196998,152,-0.02,90
1740042959.960653002,-0.0196998,160,-0.02,90
1740042959.964234872,-0.0207366,153,-0.02,90
1740042959.967825564,-0.0207366,171,-0.02,90
1740042959.971444074,-0.0207366,160,-0.02,90
1740042959.975046066,-0.0217734,153,-0.02,90
1740042959.978632098,-0.0207366,158,-0.02,90
1740042959.982240464,-0.0186629,167,-0.02,90
1740042959.985842785,-0.0176261,155,-0.02,90
1740042959.989436295,-0.0165893,109,-0.02,90
1740042959.993017480,-0.0145156,121,-0.02,90
1740042959.996653058,-0.0155524,119,-0.02,90
1740042960.000240183,-0.0165893,103,-0.02,90
1740042960.003835285,-0.0165893,76,-0.02,90
1740042960.007438962,-0.0165893,86,-0.02,90
1740042960.011040628,-0.0165893,76,-0.02,90
1740042960.014632993,-0.0176261,97,-0.02,90
1740042960.018241842,-0.0165893,69,-0.02,90
1740042960.021829885,-0.0165893,62,-0.02,90
1740042960.025437250,-0.0155524,71,-0.02,90
1740042960.029018481,-0.0155524,26,-0.02,90
1740042960.032659303,-0.0155524,19,-0.02,90
1740042960.036245501,-0.0145156,44,-0.02,90
1740042960.039828169,-0.0155524,5,-0.02,90
1740042960.043436393,-0.0155524,5,-0.02,90
1740042960.047029419,-0.0176261,-6,-0.02,90
1740042960.050635509,-0.0165893,21,-0.02,90
1740042960.054241963,-0.0165893,-38,-0.02,90
1740042960.057837295,-0.0165893,-17,-0.02,90
1740042960.061421700,-0.0145156,-40,-0.02,90
1740042960.065029101,-0.0134788,-73,-0.02,90
1740042960.068666050,-0.012442,-65,-0.02,90
1740042960.072240216,-0.0114051,-87,-0.02,90
1740042960.075831554,-0.0114051,-133,-0.02,90
1740042960.079446191,-0.0114051,-146,-0.02,90
1740042960.083039888,-0.012442,-157,-0.02,90
1740042960.086627347,-0.0134788,-140,-0.02,90
1740042960.090249392,-0.0176261,-173,-0.02,90
1740042960.093838218,-0.0186629,-113,-0.02,90
1740042960.097429490,-0.0217734,-121,-0.02,90
1740042960.101026418,-0.0238471,-78,-0.02,90
1740042960.104651652,-0.0248839,-71,-0.02,90
1740042960.108234814,-0.0269576,-36,-0.02,90
1740042960.111821414,-0.0248839,0,-0.02,90
1740042960.115439689,-0.0248839,-10,-0.02,90
1740042960.119028382,-0.0248839,-18,-0.02,90
1740042960.122637969,-0.0238471,-15,-0.02,90
1740042960.126233583,-0.0238471,32,-0.02,90
1740042960.129838334,-0.0248839,63,-0.02,90
1740042960.133449933,-0.0238471,78,-0.02,90
1740042960.137016355,-0.0217734,49,-0.02,90
1740042960.140649741,-0.0196998,36,-0.02,90
1740042960.144234500,-0.0165893,10,-0.02,90
1740042960.147838876,-0.0155524,17,-0.02,90
1740042960.151430672,-0.0155524,3,-0.02,90
1740042960.155049820,-0.0165893,-17,-0.02,90
1740042960.158638788,-0.0186629,18,-0.02,90
1740042960.162237640,-0.0217734,-10,-0.02,90
1740042960.165840752,-0.0228102,10,-0.02,90
1740042960.169431569,-0.0248839,59,-0.02,90
1740042960.173017288,-0.0248839,77,-0.02,90
1740042960.176652432,-0.0248839,100,-0.02,90
1740042960.180233580,-0.0259207,124,-0.02,90
1740042960.183839478,-0.0259207,124,-0.02,90
1740042960.187434034,-0.0248839,150,-0.02,90
1740042960.191031687,-0.0248839,150,-0.02,90
1740042960.194634594,-0.0248839,159,-0.02,90
1740042960.198234267,-0.0248839,170,-0.02,90
1740042960.201836077,-0.0238471,166,-0.02,90
1740042960.205438260,-0.0217734,151,-0.02,90
1740042960.209013865,-0.0207366,193,-0.02,90
1740042960.212649969,-0.0186629,166,-0.02,90
1740042960.216249306,-0.0165893,123,-0.02,90
1740042960.219838330,-0.0165893,123,-0.02,90
1740042960.223439697,-0.0165893,121,-0.02,90
1740042960.227027558,-0.0176261,130,-0.02,90
1740042960.230639567,-0.0196998,120,-0.02,90
1740042960.234239212,-0.0196998,109,-0.02,90
1740042960.237838951,-0.0196998,90,-0.02,90
1740042960.241436777,-0.0176261,136,-0.02,90
1740042960.245013825,-0.0165893,67,-0.02,90
1740042960.248652487,-0.0155524,84,-0.02,90
1740042960.252243307,-0.0155524,84,-0.02,90
1740042960.255843909,-0.012442,63,-0.02,90
1740042960.259442883,-0.012442,63,-0.02,90
1740042960.263026879,-0.0114051,4,-0.02,90
1740042960.266648170,-0.0134788,-19,-0.02,90
1740042960.270235639,-0.0134788,-19,-0.02,90
1740042960.273816093,-0.0176261,-47,-0.02,90
1740042960.277437471,-0.0186629,1,-0.02,90
1740042960.281011999,-0.0196998,-33,-0.02,90
1740042960.284563931,-0.0207366,-27,-0.02,90
1740042960.288244460,-0.0196998,26,-0.02,90
1740042960.291839954,-0.0196998,26,-0.02,90
1740042960.295427827,-0.0176261,5,-0.02,90
1740042960.299021847,-0.0165893,9,-0.02,90
1740042960.302642602,-0.0176261,-19,-0.02,90
1740042960.306226057,-0.0186629,17,-0.02,90
1740042960.309837453,-0.0207366,42,-0.02,90
1740042960.313439544,-0.0228102,26,-0.02,90
1740042960.317008391,-0.0238471,34,-0.02,90
1740042960.320656043,-0.0238471,78,-0.02,90
1740042960.324266550,-0.0217734,42,-0.02,90
1740042960.327905463,-0.0217734,78,-0.02,90
1740042960.331507255,-0.0196998,55,-0.02,90
1740042960.335100069,-0.0186629,86,-0.02,90
1740042960.338709578,-0.0186629,23,-0.02,90
1740042960.342310210,-0.0186629,64,-0.02,90
1740042960.345909388,-0.0186629,64,-0.02,90
1740042960.349507227,-0.0228102,75,-0.02,90
1740042960.353028246,-0.0228102,75,-0.02,90
1740042960.356733169,-0.0248839,65,-0.02,90
1740042960.360320265,-0.0228102,153,-0.02,90
1740042960.363907018,-0.0217734,135,-0.02,90
1740042960.367510384,-0.0196998,118,-0.02,90
1740042960.371107058,-0.0196998,128,-0.02,90
1740042960.374713194,-0.0207366,112,-0.02,90
1740042960.378242910,-0.0217734,121,-0.02,90
1740042960.381841857,-0.0217734,151,-0.02,90
1740042960.385433524,-0.0228102,157,-0.02,90
1740042960.389018019,-0.0238471,154,-0.02,90
1740042960.392666599,-0.0228102,170,-0.02,90
1740042960.396239116,-0.0196998,166,-0.02,90
1740042960.399826312,-0.0186629,130,-0.02,90
1740042960.403431999,-0.0165893,138,-0.02,90
1740042960.407043418,-0.0165893,133,-0.02,90
1740042960.410638974,-0.0165893,114,-0.02,90
1740042960.414241564,-0.0186629,138,-0.02,90
1740042960.417838937,-0.0196998,163,-0.02,90
1740042960.421432389,-0.0217734,151,-0.02,90
1740042960.425013102,-0.0228102,156,-0.02,90
1740042960.428654557,-0.0238471,186,-0.02,90
1740042960.432239706,-0.0238471,167,-0.02,90
1740042960.435834331,-0.0217734,190,-0.02,90
1740042960.439445544,-0.0196998,181,-0.02,90
1740042960.443024408,-0.0196998,156,-0.02,90
1740042960.446643563,-0.0196998,189,-0.02,90
1740042960.450235322,-0.0196998,155,-0.02,90
1740042960.453849217,-0.0196998,189,-0.02,90
1740042960.457435940,-0.0186629,174,-0.02,90
1740042960.461008818,-0.0176261,177,-0.02,90
1740042960.464640146,-0.0165893,151,-0.02,90
1740042960.468237657,-0.0165893,141,-0.02,90
1740042960.471826712,-0.0155524,98,-0.02,90
1740042960.475439731,-0.0145156,87,-0.02,90
1740042960.479028557,-0.0155524,91,-0.02,90
1740042960.482642831,-0.0145156,93,-0.02,90
1740042960.486230605,-0.0145156,88,-0.02,90
1740042960.489833437,-0.0176261,95,-0.02,90
1740042960.493433182,-0.0176261,74,-0.02,90
1740042960.497001932,-0.0186629,81,-0.02,90
1740042960.500644166,-0.0196998,113,-0.02,90
1740042960.504235120,-0.0196998,113,-0.02,90
1740042960.507838261,-0.0176261,102,-0.02,90
1740042960.511423744,-0.0155524,108,-0.02,90
1740042960.515026734,-0.0155524,88,-0.02,90
1740042960.518630169,-0.0145156,22,-0.02,90
1740042960.522227360,-0.0134788,6,-0.02,90
1740042960.525835030,-0.0134788,0,-0.02,90
1740042960.529428378,-0.0134788,0,-0.02,90
1740042960.533011573,-0.0145156,-9,-0.02,90
1740042960.536650615,-0.0176261,17,-0.02,90
1740042960.540232444,-0.0165893,-9,-0.02,90
1740042960.543833667,-0.0207366,-29,-0.02,90
1740042960.547461225,-0.0217734,2,-0.02,90
1740042960.551107933,-0.0207366,36,-0.02,90
1740042960.554642798,-0.0207366,58,-0.02,90
1740042960.558233446,-0.0207366,16,-0.02,90
1740042960.561835838,-0.0196998,26,-0.02,90
1740042960.565434151,-0.0196998,45,-0.02,90
1740042960.569006635,-0.0196998,50,-0.02,90
1740042960.572666575,-0.0217734,55,-0.02,90
1740042960.576227783,-0.0228102,94,-0.02,90
1740042960.579845758,-0.0238471,75,-0.02,90
1740042960.583435908,-0.0217734,93,-0.02,90
1740042960.587041479,-0.0196998,46,-0.02,90
1740042960.590645375,-0.0165893,67,-0.02,90
1740042960.594237690,-0.0155524,13,-0.02,90
1740042960.597841228,-0.0145156,2,-0.02,90
1740042960.601431336,-0.0145156,11,-0.02,90
1740042960.605012594,-0.0155524,19,-0.02,90
1740042960.608658366,-0.0176261,-1,-0.02,90
1740042960.612239497,-0.0186629,17,-0.02,90
1740042960.615840232,-0.0207366,76,-0.02,90
1740042960.619437534,-0.0238471,79,-0.02,90
1740042960.623019592,-0.0248839,74,-0.02,90
1740042960.626637274,-0.0259207,93,-0.02,90
1740042960.630246764,-0.0259207,95,-0.02,90
1740042960.633847897,-0.0238471,144,-0.02,90
1740042960.637439239,-0.0228102,121,-0.02,90
1740042960.641012570,-0.0228102,130,-0.02,90
1740042960.644653794,-0.0238471,168,-0.02,90
1740042960.648245230,-0.0238471,163,-0.02,90
1740042960.651838132,-0.0228102,157,-0.02,90
1740042960.655436542,-0.0207366,130,-0.02,90
1740042960.659039695,-0.0186629,161,-0.02,90
1740042960.662638666,-0.0155524,106,-0.02,90
1740042960.666241436,-0.0155524,101,-0.02,90
1740042960.669837752,-0.0155524,123,-0.02,90
1740042960.673433377,-0.0155524,112,-0.02,90
1740042960.677007205,-0.0155524,95,-0.02,90
1740042960.680658575,-0.0145156,69,-0.02,90
1740042960.684244715,-0.0145156,77,0.02,90
1740042960.687836643,-0.012442,50,0.02,90
1740042960.691433551,-0.012442,75,0.02,90
1740042960.695033009,-0.012442,76,0.02,90
1740042960.698630805,-0.0134788,79,0.02,90
1740042960.702239237,-0.012442,66,0.02,90
1740042960.705836946,-0.0114051,28,0.02,90
1740042960.709438554,-0.0114051,38,0.02,90
1740042960.713007525,-0.0114051,101,0.02,90
1740042960.716663740,-0.0103683,62,0.02,90
1740042960.720232372,-0.0103683,78,0.02,90
1740042960.723878830,-0.00933146,42,0.02,90
1740042960.727503452,-0.00829463,39,0.02,90
1740042960.731107000,-0.00933146,75,0.02,90
1740042960.734716088,-0.00829463,72,0.02,90
1740042960.738314455,-0.0072578,90,0.02,90
1740042960.741915382,-0.00622098,80,0.02,90
1740042960.745519898,-0.00518415,119,0.02,90
1740042960.749025589,-0.00414732,55,0.02,90
1740042960.752729829,-0.00311049,94,0.02,90
1740042960.756315598,-0.00207366,110,0.02,90
1740042960.759913609,0,175,0.02,90
1740042960.763511465,0,79,0.02,90
1740042960.767034548,0,114,0.02,90
1740042960.770638121,0,140,0.02,90
1740042960.774249133,0,169,0.02,90
1740042960.777846134,0,184,0.02,90
1740042960.781437657,0,219,0.02,90
1740042960.784970606,0,219,0.02,90
1740042960.788657841,0,225,0.02,90
1740042960.792237839,0,209,0.02,90
1740042960.795846478,0,229,0.02,90
1740042960.799444460,0.00103683,259,0.02,90
1740042960.803040740,0.00103683,265,0.02,90
1740042960.806635873,0.00103683,295,0.02,90
1740042960.810240514,0.00207366,305,0.02,90
1740042960.813831368,0.00311049,345,0.02,90
1740042960.817441788,0.00414732,365,0.02,90
1740042960.821025552,0.00518415,379,0.02,90
1740042960.824657084,0.0072578,384,0.02,90
1740042960.828243105,0.0072578,367,0.02,90
1740042960.831841362,0.00933146,369,0.02,90
1740042960.835441309,0.00933146,372,0.02,90
1740042960.839041234,0.0114051,360,0.02,90
1740042960.842638470,0.0114051,392,0.02,90
1740042960.846233663,0.012442,377,0.02,90
1740042960.849839325,0.0114051,379,0.02,90
1740042960.853442780,0.0114051,389,0.02,90
1740042960.857014185,0.012442,404,0.02,90
1740042960.860646474,0.0114051,415,0.02,90
1740042960.864243014,0.0103683,421,0.02,90
1740042960.867842685,0.0114051,433,0.02,90
1740042960.871436410,0.012442,441,0.02,90
1740042960.875037693,0.012442,449,0.02,90
1740042960.878633552,0.012442,441,0.02,90
1740042960.882239066,0.0134788,425,0.02,90
1740042960.885826711,0.012442,459,0.02,90
1740042960.889442318,0.012442,473,0.02,90
1740042960.893015073,0.012442,481,0.02,90
1740042960.896665462,0.0134788,486,0.02,90
1740042960.900238375,0.0145156,499,0.02,90
1740042960.903843591,0.0145156,514,0.02,90
1740042960.907434012,0.0145156,517,0.02,90
1740042960.911026435,0.0134788,534,0.02,90
1740042960.914639934,0.012442,524,0.02,90
1740042960.918234183,0.012442,556,0.02,90
1740042960.921842758,0.012442,577,0.02,90
1740042960.925439577,0.012442,555,0.02,90
1740042960.929012549,0.012442,580,0.02,90
1740042960.932648979,0.0134788,544,0.02,90
1740042960.936308568,0.0145156,569,0.02,90
1740042960.939913973,0.0165893,579,0.02,90
1740042960.943505674,0.0176261,545,0.02,90
1740042960.947102601,0.0186629,518,0.02,90
1740042960.950703183,0.0186629,487,0.02,90
1740042960.954307039,0.0186629,516,0.02,90
1740042960.957916947,0.0176261,541,0.02,90
1740042960.961506963,0.0176261,507,0.02,90
1740042960.965021231,0.0165893,516,0.02,90
1740042960.968660946,0.0165893,513,0.02,90
1740042960.972241448,0.0176261,495,0.02,90
1740042960.975842269,0.0186629,486,0.02,90
1740042960.979444175,0.0196998,461,0.02,90
1740042960.983044044,0.0196998,461,0.02,90
1740042960.986635072,0.0207366,436,0.02,90
1740042960.990229547,0.0207366,390,0.02,90
1740042960.993838615,0.0176261,440,0.02,90
1740042960.997424135,0.0176261,440,0.02,90
1740042961.001017150,0.0155524,478,0.02,90
1740042961.004652759,0.0134788,493,0.02,90
1740042961.008234965,0.012442,498,0.02,90
1740042961.011827271,0.012442,506,0.02,90
1740042961.015435946,0.0134788,495,0.02,90
1740042961.019042600,0.0155524,535,0.02,90
1740042961.022634856,0.0165893,500,0.02,90
1740042961.026238061,0.0196998,520,0.02,90
1740042961.029844626,0.0228102,419,0.02,90
1740042961.033435537,0.0238471,468,0.02,90
1740042961.037007211,0.0238471,432,0.02,90
1740042961.040651826,0.0217734,434,0.02,90
1740042961.044248498,0.0207366,393,0.02,90
1740042961.047830083,0.0196998,454,0.02,90
1740042961.051440313,0.0176261,415,0.02,90
1740042961.055034571,0.0176261,415,0.02,90
1740042961.058643193,0.0176261,433,0.02,90
1740042961.062236175,0.0176261,477,0.02,90
1740042961.065838968,0.0176261,476,0.02,90
1740042961.069443052,0.0176261,492,0.02,90
1740042961.073002120,0.0165893,453,0.02,90
1740042961.076663580,0.0165893,453,0.02,90
1740042961.080243697,0.0155524,468,0.02,90
1740042961.083832344,0.0155524,522,0.02,90
1740042961.087448538,0.0155524,522,0.02,90
1740042961.091036303,0.0155524,520,0.02,90
1740042961.094649630,0.0165893,529,0.02,90
1740042961.098223304,0.0165893,554,0.02,90
1740042961.101839786,0.0165893,535,0.02,90
1740042961.105435787,0.0196998,548,0.02,90
1740042961.109022408,0.0217734,530,0.02,90
1740042961.112647598,0.0207366,524,0.02,90
1740042961.116240255,0.0196998,540,0.02,90
1740042961.119848114,0.0186629,521,0.02,90
1740042961.123488121,0.0165893,564,0.02,90
1740042961.127109932,0.0155524,564,0.02,90
1740042961.130703599,0.0145156,610,0.02,90
1740042961.134304361,0.0155524,623,0.02,90
1740042961.137905270,0.0165893,614,0.02,90
1740042961.141507356,0.0165893,598,0.02,90
1740042961.145044803,0.0176261,612,0.02,90
1740042961.148730962,0.0186629,595,0.02,90
1740042961.152313859,0.0196998,568,0.02,90
1740042961.155915040,0.0196998,588,0.02,90
1740042961.159524556,0.0186629,578,0.02,90
1740042961.163102236,0.0176261,585,0.02,90
1740042961.166703683,0.0186629,595,0.02,90
1740042961.170313552,0.0165893,585,0.02,90
1740042961.173909482,0.0165893,614,0.02,90
1740042961.177512205,0.0176261,585,0.02,90
1740042961.181018498,0.0176261,585,0.02,90
1740042961.184660480,0.0207366,579,0.02,90
1740042961.188245755,0.0217734,553,0.02,90
1740042961.191839235,0.0228102,566,0.02,90
1740042961.195433476,0.0207366,547,0.02,90
1740042961.199031566,0.0186629,553,0.02,90
1740042961.202629434,0.0165893,579,0.02,90
1740042961.206223403,0.0165893,584,0.02,90
1740042961.209838458,0.0165893,605,0.02,90
1740042961.213432242,0.0176261,587,0.02,90
1740042961.217012742,0.0186629,571,0.02,90
1740042961.220655263,0.0196998,535,0.02,90
1740042961.224240355,0.0217734,559,0.02,90
1740042961.227837820,0.0228102,540,0.02,90
1740042961.231423754,0.0238471,518,0.02,90
1740042961.235027447,0.0217734,496,0.02,90
1740042961.238628154,0.0207366,503,0.02,90
1740042961.242233251,0.0196998,550,0.02,90
1740042961.245839743,0.0207366,558,0.02,90
1740042961.249426157,0.0186629,505,0.02,90
1740042961.253006022,0.0207366,500,0.02,90
1740042961.256645945,0.0217734,462,0.02,90
1740042961.260226146,0.0238471,444,0.02,90
1740042961.263840983,0.0238471,454,0.02,90
1740042961.267434141,0.0228102,434,0.02,90
1740042961.271028351,0.0217734,455,0.02,90
1740042961.274638722,0.0207366,452,0.02,90
1740042961.278232784,0.0196998,475,0.02,90
1740042961.281836751,0.0186629,459,0.02,90
1740042961.285435109,0.0186629,441,0.02,90
1740042961.289019402,0.0186629,441,0.02,90
1740042961.292647701,0.0217734,377,0.02,90
1740042961.296236580,0.0217734,406,0.02,90
1740042961.299843623,0.0217734,398,0.02,90
1740042961.303426243,0.0217734,396,0.02,90
1740042961.307027824,0.0186629,404,0.02,90
1740042961.310624955,0.0176261,375,0.02,90
1740042961.314236629,0.0155524,400,0.02,90
1740042961.317824399,0.0155524,399,0.02,90
1740042961.321433722,0.0134788,435,0.02,90
1740042961.325011594,0.0134788,474,0.02,90
1740042961.328646167,0.0145156,458,0.02,90
1740042961.332231277,0.0165893,433,0.02,90
1740042961.335827395,0.0165893,450,0.02,90
1740042961.339428825,0.0165893,481,0.02,90
1740042961.343029969,0.0155524,480,0.02,90
1740042961.346635509,0.0155524,492,0.02,90
1740042961.350250494,0.0145156,485,0.02,90
1740042961.353830280,0.0134788,553,0.02,90
1740042961.357434839,0.0114051,562,0.02,90
1740042961.361013207,0.0134788,578,0.02,90
1740042961.364646738,0.0145156,554,0.02,90
1740042961.368229794,0.0155524,580,0.02,90
1740042961.371837849,0.0165893,580,0.02,90
1740042961.375438345,0.0186629,530,0.02,90
1740042961.379034969,0.0196998,549,0.02,90
1740042961.382631464,0.0196998,552,0.02,90
1740042961.386236977,0.0186629,557,0.02,90
1740042961.389825645,0.0186629,593,0.02,90
1740042961.393432007,0.0186629,556,0.02,90
1740042961.397011656,0.0165893,558,0.02,90
1740042961.400655351,0.0165893,592,0.02,90
1740042961.404238108,0.0155524,607,0.02,90
1740042961.407831710,0.0155524,635,0.02,90
1740042961.411446569,0.0176261,605,0.02,90
1740042961.415029457,0.0196998,592,0.02,90
1740042961.418624894,0.0207366,568,0.02,90
1740042961.422242450,0.0207366,568,0.02,90
1740042961.425828591,0.0228102,554,0.02,90
1740042961.429436915,0.0228102,554,0.02,90
1740042961.433007637,0.0217734,517,0.02,90
1740042961.436653924,0.0217734,517,0.02,90
1740042961.440235195,0.0217734,521,0.02,90
1740042961.443826493,0.0217734,494,0.02,90
1740042961.447454238,0.0217734,494,0.02,90
1740042961.451031480,0.0217734,446,0.02,90
1740042961.454629990,0.0217734,446,0.02,90
1740042961.458237826,0.0228102,449,0.02,90
1740042961.461827486,0.0217734,453,0.02,90
1740042961.465438894,0.0207366,445,0.02,90
1740042961.469012634,0.0186629,486,0.02,90
1740042961.472657540,0.0165893,465,0.02,90
1740042961.476234698,0.0155524,465,0.02,90
1740042961.479826975,0.0155524,485,0.02,90
1740042961.483431640,0.0176261,489,0.02,90
1740042961.487023606,0.0207366,485,0.02,90
1740042961.490640609,0.0217734,456,0.02,90
1740042961.494232485,0.0228102,497,0.02,90
1740042961.497831009,0.0238471,418,0.02,90
1740042961.501448253,0.0238471,384,0.02,90
1740042961.505011654,0.0228102,429,0.02,90
1740042961.508642377,0.0238471,383,0.02,90
1740042961.512223686,0.0228102,390,0.02,90
1740042961.515827667,0.0217734,364,0.02,90
1740042961.519439843,0.0228102,366,0.02,90
1740042961.523020989,0.0238471,359,0.02,90
1740042961.526630707,0.0228102,324,0.02,90
1740042961.530226663,0.0217734,391,0.02,90
1740042961.533833597,0.0207366,330,0.02,90
1740042961.537435101,0.0155524,381,0.02,90
1740042961.541019788,0.0155524,381,0.02,90
1740042961.544579608,0.012442,458,0.02,90
1740042961.548103920,0.0114051,486,0.02,90
1740042961.551694679,0.0114051,510,0.02,90
1740042961.555294058,0.0134788,504,0.02,90
1740042961.558905911,0.0165893,471,0.02,90
1740042961.562487746,0.0176261,473,0.02,90
1740042961.566083748,0.0196998,510,0.02,90
1740042961.569709981,0.0207366,490,0.02,90
1740042961.573295035,0.0196998,473,0.02,90
1740042961.576877914,0.0176261,466,0.02,90
1740042961.580488057,0.0176261,483,0.02,90
1740042961.584100495,0.0165893,529,0.02,90
1740042961.587680342,0.0165893,539,0.02,90
1740042961.591290204,0.0165893,528,0.02,90
1740042961.594894082,0.0165893,536,0.02,90
1740042961.598488308,0.0165893,536,0.02,90
1740042961.602088514,0.0165893,558,0.02,90
1740042961.605683108,0.0165893,573,0.02,90
1740042961.609283527,0.0176261,576,0.02,90
1740042961.612878029,0.0165893,583,0.02,90
1740042961.616487785,0.0165893,550,0.02,90
1740042961.620089992,0.0165893,588,0.02,90
1740042961.623680585,0.0165893,610,0.02,90
1740042961.627288872,0.0155524,614,0.02,90
1740042961.630889771,0.0165893,615,0.02,90
1740042961.634519245,0.0165893,618,0.02,90
1740042961.638177472,0.0165893,639,0.02,90
1740042961.641769238,0.0176261,620,0.02,90
1740042961.645370930,0.0196998,608,0.02,90
1740042961.648896741,0.0207366,601,0.02,90
1740042961.652563820,0.0207366,581,0.02,90
1740042961.656166432,0.0207366,581,0.02,90
1740042961.659763499,0.0196998,587,0.02,90
1740042961.663366972,0.0196998,596,0.02,90
1740042961.666969599,0.0165893,596,0.02,90
1740042961.670569035,0.0176261,598,0.02,90
1740042961.674167057,0.0186629,588,0.02,90
1740042961.677769200,0.0196998,624,0.02,90
1740042961.681371694,0.0196998,563,0.02,90
1740042961.684882454,0.0207366,541,0.02,90
1740042961.688566826,0.0217734,547,0.02,90
1740042961.692089009,0.0228102,544,0.02,90
1740042961.695681588,0.0207366,571,0.02,90
1740042961.699288928,0.0207366,559,0.02,90
1740042961.702892122,0.0186629,543,0.02,90
1740042961.706495660,0.0186629,529,0.02,90
1740042961.710088848,0.0176261,564,0.02,90
1740042961.713680901,0.0186629,574,0.02,90
1740042961.717293151,0.0196998,521,0.02,90
1740042961.720877928,0.0217734,481,0.02,90
1740042961.724487862,0.0228102,503,0.02,90
1740042961.728087177,0.0228102,484,0.02,90
1740042961.731681191,0.0217734,495,0.02,90
1740042961.735286867,0.0207366,529,0.02,90
1740042961.738892711,0.0196998,530,0.02,90
1740042961.742487432,0.0186629,502,0.02,90
1740042961.746090271,0.0186629,502,0.02,90
1740042961.749685804,0.0186629,555,0.02,90
1740042961.753289564,0.0196998,514,0.02,90
1740042961.756894876,0.0217734,468,0.02,90
1740042961.760482840,0.0217734,470,0.02,90
1740042961.764101686,0.0217734,470,0.02,90
1740042961.767687383,0.0217734,474,0.02,90
1740042961.771291348,0.0217734,436,0.02,90
1740042961.774891002,0.0196998,434,0.02,90
1740042961.778490973,0.0186629,439,0.02,90
1740042961.782089247,0.0196998,425,0.02,90
1740042961.785681544,0.0196998,446,0.02,90
1740042961.789290908,0.0196998,476,0.02,90
1740042961.792878298,0.0207366,435,0.02,90
1740042961.796488040,0.0186629,413,0.02,90
1740042961.800086987,0.0186629,437,0.02,90
1740042961.803680957,0.0176261,461,0.02,90
1740042961.807287744,0.0165893,501,0.02,90
1740042961.810893063,0.0134788,495,0.02,90
1740042961.814487862,0.012442,546,0.02,90
1740042961.818088722,0.0134788,555,0.02,90
1740042961.821680860,0.0134788,536,0.02,90
1740042961.825289764,0.0145156,563,0.02,90
1740042961.828876580,0.0165893,539,0.02,90
1740042961.832477787,0.0165893,544,0.02,90
1740042961.836087431,0.0165893,558,0.02,90
1740042961.839701616,0.0176261,524,0.02,90
1740042961.843290797,0.0176261,524,0.02,90
1740042961.846881905,0.0165893,557,0.02,90
1740042961.850488013,0.0155524,560,0.02,90
1740042961.854087052,0.0145156,589,0.02,90
1740042961.857680585,0.0145156,585,0.02,90
1740042961.861288869,0.0145156,598,0.02,90
1740042961.864877867,0.0145156,596,0.02,90
1740042961.868487193,0.0155524,605,0.02,90
1740042961.872086913,0.0165893,606,0.02,90
1740042961.875696003,0.0165893,593,0.02,90
1740042961.879287036,0.0165893,604,0.02,90
1740042961.882881890,0.0176261,596,0.02,90
1740042961.886486961,0.0176261,583,0.02,90
1740042961.890088095,0.0176261,599,0.02,90
1740042961.893679736,0.0176261,567,0.02,90
1740042961.897288162,0.0176261,592,0.02,90
1740042961.900877489,0.0155524,585,0.02,90
1740042961.904489534,0.0165893,581,0.02,90
1740042961.908086866,0.0176261,538,0.02,90
1740042961.911681869,0.0186629,554,0.02,90
1740042961.915290059,0.0176261,554,0.02,90
1740042961.918880647,0.0207366,532,0.02,90
1740042961.922495470,0.0207366,523,0.02,90
1740042961.926097075,0.0207366,523,0.02,90
1740042961.929681185,0.0186629,499,0.02,90
1740042961.933287459,0.0186629,495,0.02,90
1740042961.936877686,0.0165893,523,0.02,90
1740042961.940486964,0.0145156,516,0.02,90
1740042961.944088697,0.0145156,558,0.02,90
1740042961.947680959,0.0145156,573,0.02,90
1740042961.951289955,0.0155524,570,0.02,90
1740042961.954884424,0.0165893,545,0.02,90
1740042961.958487193,0.0165893,545,0.02,90
1740042961.962097978,0.0196998,497,0.02,90
1740042961.965687966,0.0196998,497,0.02,90
1740042961.969293934,0.0228102,495,0.02,90
1740042961.972880530,0.0217734,419,0.02,90
1740042961.976488224,0.0217734,420,0.02,90
1740042961.980086267,0.0217734,401,0.02,90
1740042961.983688556,0.0217734,401,0.02,90
1740042961.987289590,0.0207366,441,0.02,90
1740042961.990882532,0.0207366,441,0.02,90
1740042961.994495185,0.0196998,416,0.02,90
1740042961.998086165,0.0217734,368,0.02,90
1740042962.001690222,0.0207366,399,0.02,90
1740042962.005309004,0.0207366,408,0.02,90
1740042962.008885781,0.0176261,392,0.02,90
1740042962.012499105,0.0145156,400,0.02,90
1740042962.016089972,0.0145156,400,0.02,90
1740042962.019708494,0.012442,457,0.02,90
1740042962.023299599,0.012442,507,0.02,90
1740042962.026871539,0.0134788,535,0.02,90
1740042962.030485480,0.0155524,470,0.02,90
1740042962.034079814,0.0165893,505,0.02,90
1740042962.037684514,0.0186629,480,0.02,90
1740042962.041285119,0.0196998,498,0.02,90
1740042962.044907214,0.0207366,471,0.02,90
1740042962.048505670,0.0207366,458,0.02,90
1740042962.052091863,0.0207366,455,0.02,90
1740042962.055682008,0.0186629,494,0.02,90
1740042962.059283541,0.0186629,496,0.02,90
1740042962.062880691,0.0165893,475,0.02,90
1740042962.066485780,0.0176261,484,0.02,90
1740042962.070089654,0.0165893,519,0.02,90
1740042962.073691510,0.0186629,495,0.02,90
1740042962.077291624,0.0196998,490,0.02,90
1740042962.080878358,0.0196998,460,0.02,90
1740042962.084482236,0.0196998,477,0.02,90
1740042962.088085947,0.0186629,510,0.02,90
1740042962.091688302,0.0165893,543,0.02,90
1740042962.095289775,0.0155524,510,0.02,90
1740042962.098889734,0.0155524,546,0.02,90
1740042962.102487744,0.0165893,572,0.02,90
1740042962.106087889,0.0165893,565,0.02,90
1740042962.109677059,0.0176261,569,0.02,90
1740042962.113288364,0.0186629,544,0.02,90
1740042962.116879175,0.0207366,505,0.02,90
1740042962.120487957,0.0217734,509,0.02,90
1740042962.124086787,0.0228102,505,0.02,90
1740042962.127687849,0.0238471,482,0.02,90
1740042962.131289822,0.0228102,487,0.02,90
1740042962.134903441,0.0207366,472,0.02,90
1740042962.138492033,0.0196998,469,0.02,90
1740042962.142089122,0.0186629,458,0.02,90
1740042962.145686083,0.0196998,492,0.02,90
1740042962.149290583,0.0196998,505,0.02,90
1740042962.152873591,0.0217734,452,0.02,90
1740042962.156481117,0.0228102,469,0.02,90
1740042962.160084807,0.0217734,479,0.02,90
1740042962.163687874,0.0207366,443,0.02,90
1740042962.167280296,0.0186629,461,0.02,90
1740042962.170892559,0.0176261,504,0.02,90
1740042962.174495731,0.0165893,505,0.02,90
1740042962.178087104,0.0165893,514,0.02,90
1740042962.181688905,0.0176261,504,0.02,90
1740042962.185288047,0.0186629,480,0.02,90
1740042962.188875011,0.0217734,479,0.02,90
1740042962.192490847,0.0228102,408,0.02,90
1740042962.196097726,0.0248839,380,0.02,90
1740042962.199689394,0.0238471,403,0.02,90
1740042962.203279567,0.0238471,362,0.02,90
1740042962.206888372,0.0217734,419,0.02,90
1740042962.210492279,0.0186629,407,0.02,90
1740042962.214090255,0.0186629,415,0.02,90
1740042962.217697234,0.0196998,451,0.02,90
1740042962.221288594,0.0217734,434,0.02,90
1740042962.224884750,0.0217734,401,0.02,90
1740042962.228492371,0.0228102,360,0.02,90
1740042962.232086985,0.0217734,352,0.02,90
1740042962.235688798,0.0196998,382,0.02,90
1740042962.239280763,0.0207366,370,0.02,90
1740042962.242890881,0.0207366,417,0.02,90
1740042962.246486966,0.0186629,374,0.02,90
1740042962.250093808,0.0186629,399,0.02,90
1740042962.253687686,0.0186629,381,0.02,90
1740042962.257293759,0.0186629,401,0.02,90
1740042962.260873555,0.0196998,399,0.02,90
1740042962.264480915,0.0207366,385,0.02,90
1740042962.268093440,0.0196998,403,0.02,90
1740042962.271682522,0.0176261,390,0.02,90
1740042962.275283800,0.0165893,410,0.02,90
1740042962.278888003,0.0165893,451,0.02,90
1740042962.282495058,0.0145156,495,0.02,90
1740042962.286088281,0.0145156,495,0.02,90
1740042962.289688782,0.0165893,502,0.02,90
1740042962.293279846,0.0165893,493,0.02,90
1740042962.296877010,0.0186629,488,0.02,90
1740042962.300490854,0.0186629,463,0.02,90
1740042962.304088683,0.0196998,480,0.02,90
1740042962.307686406,0.0196998,478,0.02,90
1740042962.311279598,0.0196998,473,0.02,90
1740042962.314889385,0.0176261,478,0.02,90
1740042962.318491375,0.0165893,505,0.02,90
1740042962.322088553,0.0165893,505,0.02,90
1740042962.325691162,0.0176261,506,0.02,90
1740042962.329280863,0.0186629,520,0.02,90
1740042962.332872836,0.0196998,509,0.02,90
1740042962.336492492,0.0196998,509,0.02,90
1740042962.340087363,0.0207366,464,0.02,90
1740042962.343694694,0.0217734,452,0.02,90
1740042962.347280010,0.0217734,442,0.02,90
1740042962.350881056,0.0217734,459,0.02,90
1740042962.354491844,0.0186629,480,0.02,90
1740042962.358086968,0.0186629,480,0.02,90
1740042962.361698947,0.0165893,478,0.02,90
1740042962.365281287,0.0165893,485,0.02,90
1740042962.368873691,0.0186629,434,0.02,90
1740042962.372491063,0.0217734,445,0.02,90
1740042962.376102285,0.0217734,428,0.02,90
1740042962.379687623,0.0228102,394,0.02,90
1740042962.383281115,0.0228102,424,0.02,90
1740042962.386888332,0.0217734,452,0.02,90
1740042962.390491172,0.0186629,404,0.02,90
1740042962.394088095,0.0186629,404,0.02,90
1740042962.397678784,0.0176261,412,0.02,90
1740042962.401279840,0.0176261,426,0.02,90
1740042962.404873596,0.0176261,400,0.02,90
1740042962.408490887,0.0196998,433,0.02,90
1740042962.412083440,0.0196998,433,0.02,90
1740042962.415689124,0.0207366,428,0.02,90
1740042962.419279148,0.0207366,385,0.02,90
1740042962.422889191,0.0207366,394,0.02,90
1740042962.426497157,0.0186629,463,0.02,90
1740042962.430089296,0.0186629,429,0.02,90
1740042962.433687172,0.0176261,384,0.02,90
1740042962.437279273,0.0165893,415,0.02,90
1740042962.440874569,0.0186629,424,0.02,90
1740042962.444479278,0.0207366,417,0.02,90
1740042962.448089511,0.0207366,454,0.02,90
1740042962.451687915,0.0207366,366,0.02,90
1740042962.455304784,0.0207366,410,0.02,90
1740042962.458890030,0.0186629,406,0.02,90
1740042962.462481611,0.0165893,481,0.02,90
1740042962.466087164,0.0165893,497,0.02,90
1740042962.469714852,0.0155524,439,0.02,90
1740042962.473283056,0.0145156,475,0.02,90
1740042962.476873814,0.0155524,556,0.02,90
1740042962.480482038,0.0165893,519,0.02,90
1740042962.484086317,0.0165893,504,0.02,90
1740042962.487689796,0.0165893,530,0.02,90
1740042962.491306470,0.0165893,530,0.02,90
1740042962.494893995,0.0196998,507,0.02,90
1740042962.498465807,0.0196998,490,0.02,90
1740042962.502091063,0.0207366,471,0.02,90
1740042962.505691432,0.0196998,511,0.02,90
1740042962.509272538,0.0176261,512,0.02,90
1740042962.512874360,0.0176261,521,0.02,90
1740042962.516500924,0.0176261,502,0.02,90
1740042962.520091239,0.0165893,519,0.02,90
1740042962.523688721,0.0165893,519,0.02,90
1740042962.527293442,0.0176261,504,0.02,90
1740042962.530889704,0.0186629,536,0.02,90
1740042962.534488760,0.0165893,555,0.02,90
1740042962.538087239,0.0165893,564,0.02,90
1740042962.541854705,0.0155524,569,0.02,90
1740042962.545441497,0.0155524,585,0.02,90
1740042962.549034906,0.0134788,598,0.02,90
1740042962.552577028,0.0134788,626,0.02,90
1740042962.556228415,0.0134788,615,0.02,90
1740042962.559829739,0.0134788,599,0.02,90
1740042962.563443484,0.0134788,624,0.02,90
1740042962.567038832,0.0134788,609,0.02,90
1740042962.570633071,0.0145156,582,0.02,90
1740042962.574238154,0.0155524,577,-0.02,90
1740042962.577834117,0.0165893,571,-0.02,90
1740042962.581431374,0.0165893,565,-0.02,90
1740042962.585025476,0.0165893,522,-0.02,90
1740042962.588659664,0.0145156,558,-0.02,90
1740042962.592228535,0.0134788,538,-0.02,90
1740042962.595830809,0.0114051,496,-0.02,90
1740042962.599441962,0.0114051,526,-0.02,90
1740042962.603039709,0.0103683,490,-0.02,90
1740042962.606636184,0.00829463,498,-0.02,90
1740042962.610222645,0.0072578,470,-0.02,90
1740042962.613826966,0.00622098,485,-0.02,90
1740042962.617432892,0.00622098,467,-0.02,90
1740042962.621008840,0.00518415,466,-0.02,90
1740042962.624641567,0.00414732,476,-0.02,90
1740042962.628234668,0.00311049,449,-0.02,90
1740042962.631839690,0.00207366,483,-0.02,90
1740042962.635437284,0.00103683,458,-0.02,90
1740042962.639041454,0,449,-0.02,90
1740042962.642621833,0,424,-0.02,90
1740042962.646219123,0,457,-0.02,90
1740042962.649837218,0,398,-0.02,90
1740042962.653428279,0,433,-0.02,90
1740042962.657013904,0,415,-0.02,90
1740042962.660639540,0,363,-0.02,90
1740042962.664237087,0,363,-0.02,90
1740042962.667836589,0,355,-0.02,90
1740042962.671425686,0,337,-0.02,90
1740042962.675031457,0,320,-0.02,90
1740042962.678639106,-0.00103683,294,-0.02,90
1740042962.682228175,-0.00103683,277,-0.02,90
1740042962.685826726,-0.00207366,285,-0.02,90
1740042962.689400421,-0.00207366,284,-0.02,90
1740042962.693015406,-0.00207366,251,-0.02,90
1740042962.696546252,-0.00311049,241,-0.02,90
1740042962.700241076,-0.00414732,242,-0.02,90
1740042962.703836885,-0.00518415,219,-0.02,90
1740042962.707434514,-0.00622098,225,-0.02,90
1740042962.711033310,-0.00829463,230,-0.02,90
1740042962.714649152,-0.00933146,226,-0.02,90
1740042962.718243450,-0.0103683,205,-0.02,90
1740042962.721842225,-0.0103683,195,-0.02,90
1740042962.725442163,-0.0114051,206,-0.02,90
1740042962.729012024,-0.0114051,204,-0.02,90
1740042962.732654387,-0.012442,192,-0.02,90
1740042962.736240204,-0.012442,189,-0.02,90
1740042962.739828575,-0.012442,212,-0.02,90
1740042962.743444646,-0.012442,190,-0.02,90
1740042962.747029813,-0.0134788,203,-0.02,90
1740042962.750641657,-0.0145156,170,-0.02,90
1740042962.754247670,-0.0155524,234,-0.02,90
1740042962.757771257,-0.0165893,230,-0.02,90
1740042962.761446066,-0.0165893,234,-0.02,90
1740042962.765015750,-0.0165893,237,-0.02,90
1740042962.768658875,-0.0165893,245,-0.02,90
1740042962.772301393,-0.0145156,219,-0.02,90
1740042962.775906844,-0.0134788,234,-0.02,90
1740042962.779506695,-0.0114051,229,-0.02,90
1740042962.783042592,-0.0103683,227,-0.02,90
1740042962.786641414,-0.00933146,175,-0.02,90
1740042962.790238165,-0.00933146,156,-0.02,90
1740042962.793837528,-0.00829463,155,-0.02,90
1740042962.797431939,-0.00933146,116,-0.02,90
1740042962.801023737,-0.00933146,127,-0.02,90
1740042962.804660011,-0.0103683,94,-0.02,90
1740042962.808224610,-0.012442,77,-0.02,90
1740042962.811841085,-0.0134788,112,-0.02,90
1740042962.815442876,-0.0134788,112,-0.02,90
1740042962.819023377,-0.0155524,104,-0.02,90
1740042962.822648439,-0.0165893,122,-0.02,90
1740042962.826246863,-0.0176261,105,-0.02,90
1740042962.829827011,-0.0176261,91,-0.02,90
1740042962.833434984,-0.0165893,95,-0.02,90
1740042962.837012319,-0.0165893,110,-0.02,90
1740042962.840669860,-0.0155524,71,-0.02,90
1740042962.844310562,-0.0155524,61,-0.02,90
1740042962.847909623,-0.0155524,71,-0.02,90
1740042962.851503635,-0.0165893,65,-0.02,90
1740042962.855107717,-0.0165893,114,-0.02,90
1740042962.858706179,-0.0176261,79,-0.02,90
1740042962.862243303,-0.0186629,85,-0.02,90
1740042962.865829672,-0.0186629,69,-0.02,90
1740042962.869439422,-0.0165893,91,-0.02,90
1740042962.873015610,-0.0165893,68,-0.02,90
1740042962.876657988,-0.0145156,48,-0.02,90
1740042962.880244538,-0.012442,46,-0.02,90
1740042962.883831076,-0.0114051,-23,-0.02,90
1740042962.887437439,-0.0114051,7,-0.02,90
1740042962.891035137,-0.012442,0,-0.02,90
1740042962.894630295,-0.012442,-20,-0.02,90
1740042962.898240589,-0.0145156,-86,-0.02,90
1740042962.901843049,-0.0155524,0,-0.02,90
1740042962.905438269,-0.0165893,-43,-0.02,90
1740042962.909017344,-0.0176261,-27,-0.02,90
1740042962.912659709,-0.0196998,1,-0.02,90
1740042962.916240537,-0.0217734,-12,-0.02,90
1740042962.919841655,-0.0217734,19,-0.02,90
1740042962.923441259,-0.0207366,-29,-0.02,90
1740042962.927035304,-0.0207366,3,-0.02,90
1740042962.930641024,-0.0186629,-62,-0.02,90
1740042962.934240153,-0.0165893,-35,-0.02,90
1740042962.937839640,-0.0165893,-30,-0.02,90
1740042962.941441136,-0.0165893,-30,-0.02,90
1740042962.945020945,-0.0176261,-5,-0.02,90
1740042962.948652346,-0.0196998,-31,-0.02,90
1740042962.952236152,-0.0207366,-69,-0.02,90
1740042962.955830146,-0.0196998,9,-0.02,90
1740042962.959443749,-0.0196998,-23,-0.02,90
1740042962.963044836,-0.0186629,-17,-0.02,90
1740042962.966641971,-0.0176261,-15,-0.02,90
1740042962.970241517,-0.0165893,-25,-0.02,90
1740042962.973844204,-0.0165893,-50,-0.02,90
1740042962.977446931,-0.0176261,-35,-0.02,90
1740042962.981017136,-0.0196998,-51,-0.02,90
1740042962.984651018,-0.0217734,-8,-0.02,90
1740042962.988231215,-0.0238471,42,-0.02,90
1740042962.991848524,-0.0248839,44,-0.02,90
1740042962.995442979,-0.0238471,33,-0.02,90
1740042962.999042078,-0.0228102,20,-0.02,90
1740042963.002643734,-0.0217734,29,-0.02,90
1740042963.006235676,-0.0196998,42,-0.02,90
1740042963.009839729,-0.0186629,55,-0.02,90
1740042963.013445753,-0.0196998,20,-0.02,90
1740042963.017017261,-0.0207366,50,-0.02,90
1740042963.020648101,-0.0207366,35,-0.02,90
1740042963.024240154,-0.0217734,85,-0.02,90
1740042963.027837119,-0.0217734,48,-0.02,90
1740042963.031447194,-0.0207366,74,-0.02,90
1740042963.035044448,-0.0186629,13,-0.02,90
1740042963.038627434,-0.0176261,60,-0.02,90
1740042963.042229544,-0.0165893,17,-0.02,90
1740042963.045850555,-0.0165893,17,-0.02,90
1740042963.049448266,-0.0165893,42,-0.02,90
1740042963.053024268,-0.0176261,0,-0.02,90
1740042963.056654983,-0.0186629,16,-0.02,90
1740042963.060240110,-0.0196998,1,-0.02,90
1740042963.063837180,-0.0207366,17,-0.02,90
1740042963.067448861,-0.0196998,40,-0.02,90
1740042963.071028411,-0.0186629,-7,-0.02,90
1740042963.074635281,-0.0165893,-4,-0.02,90
1740042963.078239999,-0.0134788,-46,-0.02,90
1740042963.081825753,-0.0134788,-50,-0.02,90
1740042963.085423287,-0.0134788,-50,-0.02,90
1740042963.089012634,-0.0134788,-69,-0.02,90
1740042963.092669812,-0.0155524,-61,-0.02,90
1740042963.096243032,-0.0186629,-61,-0.02,90
1740042963.099845930,-0.0186629,-76,-0.02,90
1740042963.103450145,-0.0186629,-76,-0.02,90
1740042963.107042453,-0.0207366,-40,-0.02,90
1740042963.110645389,-0.0207366,-43,-0.02,90
1740042963.114238975,-0.0207366,-37,-0.02,90
1740042963.117838820,-0.0196998,-10,-0.02,90
1740042963.121451921,-0.0176261,-49,-0.02,90
1740042963.125017763,-0.0186629,-45,-0.02,90
1740042963.128651111,-0.0186629,-52,-0.02,90
1740042963.132242299,-0.0196998,-18,-0.02,90
1740042963.135829910,-0.0207366,-46,-0.02,90
1740042963.139433591,-0.0217734,8,-0.02,90
1740042963.143047193,-0.0217734,23,-0.02,90
1740042963.146643389,-0.0217734,1,-0.02,90
1740042963.150239419,-0.0217734,-23,-0.02,90
1740042963.153842150,-0.0207366,15,-0.02,90
1740042963.157453212,-0.0186629,12,-0.02,90
1740042963.161016125,-0.0186629,12,-0.02,90
1740042963.164651198,-0.0196998,13,-0.02,90
1740042963.168227199,-0.0228102,50,-0.02,90
1740042963.171837308,-0.0238471,20,-0.02,90
1740042963.175461158,-0.0238471,84,-0.02,90
1740042963.179033220,-0.0238471,60,-0.02,90
1740042963.182702424,-0.0228102,59,-0.02,90
1740042963.186232422,-0.0196998,61,-0.02,90
1740042963.189829122,-0.0176261,36,-0.02,90
1740042963.193449090,-0.0165893,60,-0.02,90
1740042963.197007724,-0.0165893,-1,-0.02,90
1740042963.200654728,-0.0176261,60,-0.02,90
1740042963.204223770,-0.0186629,43,-0.02,90
1740042963.207834785,-0.0207366,66,-0.02,90
1740042963.211394904,-0.0217734,75,-0.02,90
1740042963.215038485,-0.0228102,45,-0.02,90
1740042963.218638578,-0.0217734,83,-0.02,90
1740042963.222229397,-0.0207366,75,-0.02,90
1740042963.225843029,-0.0207366,75,-0.02,90
1740042963.229435050,-0.0196998,69,-0.02,90
1740042963.233013397,-0.0207366,72,-0.02,90
1740042963.236650715,-0.0207366,98,-0.02,90
1740042963.240224824,-0.0228102,115,-0.02,90
1740042963.243840465,-0.0228102,121,-0.02,90
1740042963.247442050,-0.0217734,123,-0.02,90
1740042963.251027158,-0.0217734,114,-0.02,90
1740042963.254636931,-0.0207366,128,-0.02,90
1740042963.258228099,-0.0155524,80,-0.02,90
1740042963.261823556,-0.0145156,69,-0.02,90
1740042963.265433234,-0.0155524,59,-0.02,90
1740042963.269013517,-0.0145156,26,-0.02,90
1740042963.272655286,-0.0145156,0,-0.02,90
1740042963.276232002,-0.0165893,35,-0.02,90
1740042963.279829295,-0.0176261,69,-0.02,90
1740042963.283442792,-0.0176261,69,-0.02,90
1740042963.287037795,-0.0207366,44,-0.02,90
1740042963.290625599,-0.0207366,54,-0.02,90
1740042963.294248812,-0.0196998,8,-0.02,90
1740042963.297842158,-0.0186629,45,-0.02,90
1740042963.301441270,-0.0165893,30,-0.02,90
1740042963.305010824,-0.0165893,47,-0.02,90
1740042963.308649693,-0.0165893,16,-0.02,90
1740042963.312239884,-0.0176261,29,-0.02,90
1740042963.315842669,-0.0186629,35,-0.02,90
1740042963.319441471,-0.0186629,41,-0.02,90
1740042963.323048582,-0.0196998,15,-0.02,90
1740042963.326640555,-0.0196998,12,-0.02,90
1740042963.330237312,-0.0165893,10,-0.02,90
1740042963.333828203,-0.0165893,-21,-0.02,90
1740042963.337427458,-0.0145156,-3,-0.02,90
1740042963.341012075,-0.0134788,-32,-0.02,90
1740042963.344653892,-0.0134788,-87,-0.02,90
1740042963.348248121,-0.0134788,-115,-0.02,90
1740042963.351844725,-0.0145156,-52,-0.02,90
1740042963.355437071,-0.0165893,-87,-0.02,90
1740042963.359024797,-0.0165893,-52,-0.02,90
1740042963.362630808,-0.0207366,-60,-0.02,90
1740042963.366249973,-0.0238471,-8,-0.02,90
1740042963.369835758,-0.0248839,11,-0.02,90
1740042963.373440428,-0.0259207,38,-0.02,90
1740042963.377015754,-0.0248839,32,-0.02,90
1740042963.380647920,-0.0228102,20,-0.02,90
1740042963.384229903,-0.0228102,33,-0.02,90
1740042963.387840405,-0.0228102,60,-0.02,90
1740042963.391439701,-0.0238471,30,-0.02,90
1740042963.395029006,-0.0228102,93,-0.02,90
1740042963.398622719,-0.0228102,130,-0.02,90
1740042963.402242001,-0.0217734,62,-0.02,90
1740042963.405819534,-0.0207366,60,-0.02,90
1740042963.409428115,-0.0186629,48,-0.02,90
1740042963.413002774,-0.0176261,64,-0.02,90
1740042963.416655143,-0.0165893,69,-0.02,90
1740042963.420232553,-0.0176261,25,-0.02,90
1740042963.423839561,-0.0176261,51,-0.02,90
1740042963.427428487,-0.0207366,77,-0.02,90
1740042963.431020332,-0.0217734,96,-0.02,90
1740042963.434620992,-0.0248839,90,-0.02,90
1740042963.438239934,-0.0248839,113,-0.02,90
1740042963.441841260,-0.0248839,128,-0.02,90
1740042963.445442926,-0.0238471,154,-0.02,90
1740042963.449008391,-0.0238471,153,-0.02,90
1740042963.452656410,-0.0217734,170,-0.02,90
1740042963.456270461,-0.0207366,133,-0.02,90
1740042963.459852078,-0.0196998,137,-0.02,90
1740042963.463444800,-0.0186629,135,-0.02,90
1740042963.467042499,-0.0176261,147,-0.02,90
1740042963.470629266,-0.0196998,131,-0.02,90
1740042963.474244393,-0.0186629,105,-0.02,90
1740042963.477827103,-0.0176261,100,-0.02,90
1740042963.481429349,-0.0165893,104,-0.02,90
1740042963.485007028,-0.0165893,81,-0.02,90
1740042963.488650564,-0.0165893,103,-0.02,90
1740042963.492235115,-0.0165893,81,-0.02,90
1740042963.495850440,-0.0165893,69,-0.02,90
1740042963.499441255,-0.0176261,60,-0.02,90
1740042963.503044311,-0.0186629,33,-0.02,90
1740042963.506631993,-0.0176261,52,-0.02,90
1740042963.510229601,-0.0165893,56,-0.02,90
1740042963.513830853,-0.0165893,66,-0.02,90
1740042963.517436803,-0.0145156,2,-0.02,90
1740042963.521006479,-0.0145156,2,-0.02,90
1740042963.524648733,-0.012442,-42,-0.02,90
1740042963.528222757,-0.012442,-17,-0.02,90
1740042963.531829098,-0.012442,-17,-0.02,90
1740042963.535436000,-0.0145156,-28,-0.02,90
1740042963.539036032,-0.0155524,-55,-0.02,90
1740042963.542613957,-0.0176261,-50,-0.02,90
1740042963.546132267,-0.0196998,-36,-0.02,90
1740042963.549726633,-0.0217734,-28,-0.02,90
1740042963.553419303,-0.0217734,-28,-0.02,90
1740042963.556986836,-0.0228102,12,-0.02,90
1740042963.560661184,-0.0238471,55,-0.02,90
1740042963.564235867,-0.0228102,23,-0.02,90
1740042963.567840533,-0.0207366,15,-0.02,90
1740042963.571443279,-0.0207366,51,-0.02,90
1740042963.575038599,-0.0207366,60,-0.02,90
1740042963.578642651,-0.0207366,51,-0.02,90
1740042963.582225641,-0.0217734,42,-0.02,90
1740042963.585830693,-0.0217734,23,-0.02,90
1740042963.589430978,-0.0217734,50,-0.02,90
1740042963.593013208,-0.0217734,71,-0.02,90
1740042963.596653184,-0.0186629,59,-0.02,90
1740042963.600229801,-0.0186629,81,-0.02,90
1740042963.603842302,-0.0165893,35,-0.02,90
1740042963.607432535,-0.0165893,35,-0.02,90
1740042963.611033658,-0.0165893,19,-0.02,90
1740042963.614583949,-0.0176261,29,-0.02,90
1740042963.618230060,-0.0196998,40,-0.02,90
1740042963.621837651,-0.0217734,84,-0.02,90
1740042963.625433369,-0.0228102,68,-0.02,90
1740042963.629007149,-0.0228102,98,-0.02,90
1740042963.632662155,-0.0217734,75,-0.02,90
1740042963.636175595,-0.0217734,98,-0.02,90
1740042963.639836519,-0.0176261,57,-0.02,90
1740042963.643375004,-0.0176261,50,-0.02,90
1740042963.646974972,-0.0186629,85,-0.02,90
1740042963.650582886,-0.0196998,76,-0.02,90
1740042963.654235670,-0.0217734,104,-0.02,90
1740042963.657701497,-0.0228102,121,-0.02,90
1740042963.661293653,-0.0228102,139,-0.02,90
1740042963.664877041,-0.0228102,139,-0.02,90
1740042963.668491526,-0.0217734,108,-0.02,90
1740042963.672089794,-0.0207366,84,-0.02,90
1740042963.675692447,-0.0176261,94,-0.02,90
1740042963.679291906,-0.0186629,124,-0.02,90
1740042963.682891322,-0.0186629,99,-0.02,90
1740042963.686488117,-0.0186629,99,-0.02,90
1740042963.690092575,-0.0196998,118,-0.02,90
1740042963.693694707,-0.0217734,138,-0.02,90
1740042963.697291817,-0.0217734,120,-0.02,90
1740042963.700876637,-0.0217734,123,-0.02,90
1740042963.704488493,-0.0196998,131,-0.02,90
1740042963.708089551,-0.0186629,113,-0.02,90
1740042963.711694133,-0.0155524,102,-0.02,90
1740042963.715289238,-0.0145156,109,-0.02,90
1740042963.718890834,-0.0145156,77,-0.02,90
1740042963.722488509,-0.0145156,68,-0.02,90
1740042963.726093762,-0.0165893,104,-0.02,90
1740042963.729689569,-0.0165893,95,-0.02,90
1740042963.733290052,-0.0176261,56,-0.02,90
1740042963.736876181,-0.0186629,34,-0.02,90
1740042963.740489404,-0.0186629,34,-0.02,90
1740042963.744091228,-0.0165893,52,-0.02,90
1740042963.747693752,-0.0155524,26,-0.02,90
1740042963.751291093,-0.0155524,26,-0.02,90
1740042963.754884247,-0.0145156,13,-0.02,90
1740042963.758486095,-0.0145156,13,-0.02,90
1740042963.762092691,-0.0165893,-29,-0.02,90
1740042963.765695121,-0.0165893,54,-0.02,90
1740042963.769291092,-0.0165893,54,-0.02,90
1740042963.772876958,-0.0176261,-15,-0.02,90
1740042963.776491428,-0.0176261,-56,-0.02,90
1740042963.780093831,-0.0165893,-34,-0.02,90
1740042963.783692539,-0.0134788,-85,-0.02,90
1740042963.787289109,-0.012442,-71,-0.02,90
1740042963.790889450,-0.0114051,-118,-0.02,90
1740042963.794490329,-0.0103683,-157,-0.02,90
1740042963.798091674,-0.0103683,-174,-0.02,90
1740042963.801691404,-0.0114051,-151,-0.02,90
1740042963.805289100,-0.012442,-159,-0.02,90
1740042963.808873702,-0.0145156,-191,-0.02,90
1740042963.812486568,-0.0165893,-191,-0.02,90
1740042963.816090999,-0.0207366,-181,-0.02,90
1740042963.819691980,-0.0238471,-122,-0.02,90
1740042963.823289542,-0.0248839,-86,-0.02,90
1740042963.826887966,-0.0259207,-70,-0.02,90
1740042963.830494786,-0.0269576,-72,-0.02,90
1740042963.834095052,-0.0259207,-20,-0.02,90
1740042963.837695627,-0.0238471,-66,-0.02,90
1740042963.841286532,-0.0248839,-6,-0.02,90
1740042963.844876740,-0.0238471,10,-0.02,90
1740042963.848493189,-0.0238471,9,-0.02,90
1740042963.852093389,-0.0238471,33,-0.02,90
1740042963.855688553,-0.0238471,16,-0.02,90
1740042963.859295225,-0.0217734,32,-0.02,90
1740042963.862891231,-0.0196998,33,-0.02,90
1740042963.866491861,-0.0176261,-11,-0.02,90
1740042963.870094551,-0.0155524,-8,-0.02,90
1740042963.873832196,-0.0145156,-43,-0.02,90
1740042963.877438816,-0.0165893,-18,-0.02,90
1740042963.881007494,-0.0186629,-26,-0.02,90
1740042963.884647745,-0.0186629,0,-0.02,90
1740042963.888238496,-0.0228102,17,-0.02,90
1740042963.891854508,-0.0259207,22,-0.02,90
1740042963.895438726,-0.0269576,59,-0.02,90
1740042963.899043831,-0.0269576,99,-0.02,90
1740042963.902633236,-0.0269576,108,-0.02,90
1740042963.906242375,-0.0259207,127,-0.02,90
1740042963.909847423,-0.0259207,141,-0.02,90
1740042963.913420880,-0.0248839,145,-0.02,90
1740042963.917006414,-0.0259207,165,-0.02,90
1740042963.920667802,-0.0248839,163,-0.02,90
1740042963.924239047,-0.0228102,166,-0.02,90
1740042963.927833700,-0.0207366,165,-0.02,90
1740042963.931441680,-0.0196998,170,-0.02,90
1740042963.935031940,-0.0176261,130,-0.02,90
1740042963.938638623,-0.0176261,130,-0.02,90
1740042963.942236411,-0.0165893,129,-0.02,90
1740042963.945833950,-0.0165893,129,-0.02,90
1740042963.949456512,-0.0186629,130,-0.02,90
1740042963.953019409,-0.0186629,114,-0.02,90
1740042963.956652690,-0.0196998,112,-0.02,90
1740042963.960239431,-0.0186629,107,-0.02,90
1740042963.963833289,-0.0155524,110,-0.02,90
1740042963.967439512,-0.0155524,86,-0.02,90
1740042963.971041100,-0.0155524,86,-0.02,90
1740042963.974643446,-0.0145156,29,-0.02,90
1740042963.978223544,-0.0134788,12,-0.02,90
1740042963.981839281,-0.0134788,12,-0.02,90
1740042963.985430613,-0.0134788,8,-0.02,90
1740042963.989014621,-0.0134788,8,-0.02,90
1740042963.992646698,-0.0165893,14,-0.02,90
1740042963.996232512,-0.0165893,-61,-0.02,90
1740042963.999834790,-0.0196998,19,-0.02,90
1740042964.003439487,-0.0207366,-13,-0.02,90
1740042964.007037817,-0.0207366,-17,-0.02,90
1740042964.010627197,-0.0207366,-17,-0.02,90
1740042964.014230635,-0.0176261,-18,-0.02,90
1740042964.017850374,-0.0186629,0,-0.02,90
1740042964.021437307,-0.0186629,0,-0.02,90
1740042964.025015331,-0.0176261,-10,-0.02,90
1740042964.028646063,-0.0186629,16,-0.02,90
1740042964.032226905,-0.0217734,25,-0.02,90
1740042964.035826348,-0.0228102,78,-0.02,90
1740042964.039438783,-0.0248839,65,-0.02,90
1740042964.043034932,-0.0238471,76,-0.02,90
1740042964.046651535,-0.0238471,98,-0.02,90
1740042964.050236166,-0.0217734,71,-0.02,90
1740042964.053831163,-0.0217734,39,-0.02,90
1740042964.057430159,-0.0186629,63,-0.02,90
1740042964.061005820,-0.0186629,63,-0.02,90
1740042964.064654789,-0.0196998,89,-0.02,90
1740042964.068230123,-0.0217734,66,-0.02,90
1740042964.071837283,-0.0228102,94,-0.02,90
1740042964.075447345,-0.0228102,94,-0.02,90
1740042964.079036354,-0.0228102,111,-0.02,90
1740042964.082636012,-0.0217734,127,-0.02,90
1740042964.086230212,-0.0207366,126,-0.02,90
1740042964.089836705,-0.0196998,120,-0.02,90
1740042964.093445801,-0.0207366,138,-0.02,90
1740042964.097011602,-0.0207366,163,-0.02,90
1740042964.100646932,-0.0217734,164,-0.02,90
1740042964.104224420,-0.0228102,139,-0.02,90
1740042964.107836823,-0.0228102,142,-0.02,90
1740042964.111440441,-0.0228102,177,-0.02,90
1740042964.115040110,-0.0217734,182,-0.02,90
1740042964.118626318,-0.0196998,143,-0.02,90
1740042964.122221057,-0.0165893,156,-0.02,90
1740042964.125827675,-0.0165893,118,-0.02,90
1740042964.129438478,-0.0155524,106,-0.02,90
1740042964.133018440,-0.0165893,119,-0.02,90
1740042964.136656681,-0.0176261,150,-0.02,90
1740042964.140228757,-0.0207366,141,-0.02,90
1740042964.143844443,-0.0217734,163,-0.02,90
1740042964.147432393,-0.0228102,182,-0.02,90
1740042964.151028479,-0.0238471,189,-0.02,90
1740042964.154639640,-0.0217734,190,-0.02,90
1740042964.158234662,-0.0217734,206,-0.02,90
1740042964.161825837,-0.0207366,201,-0.02,90
1740042964.165450830,-0.0186629,155,-0.02,90
1740042964.169005414,-0.0196998,155,-0.02,90
1740042964.172666283,-0.0196998,184,-0.02,90
1740042964.176221618,-0.0186629,202,-0.02,90
1740042964.179844884,-0.0186629,127,-0.02,90
1740042964.183449322,-0.0186629,127,-0.02,90
1740042964.187037518,-0.0165893,153,-0.02,90
1740042964.190638861,-0.0165893,160,-0.02,90
1740042964.194237015,-0.0155524,98,-0.02,90
1740042964.197846473,-0.0155524,121,-0.02,90
1740042964.201424312,-0.0155524,133,-0.02,90
1740042964.205005659,-0.0155524,114,-0.02,90
1740042964.208644436,-0.0155524,104,-0.02,90
1740042964.212231846,-0.0176261,85,-0.02,90
1740042964.215841221,-0.0186629,70,-0.02,90
1740042964.219429853,-0.0196998,123,-0.02,90
1740042964.223024216,-0.0196998,130,-0.02,90
1740042964.226630352,-0.0186629,58,-0.02,90
1740042964.230241212,-0.0165893,84,-0.02,90
1740042964.233836450,-0.0165893,64,-0.02,90
1740042964.237434097,-0.0145156,43,-0.02,90
1740042964.241007539,-0.0134788,-10,-0.02,90
1740042964.244652798,-0.0145156,42,-0.02,90
1740042964.248221099,-0.0134788,25,-0.02,90
1740042964.251842318,-0.0145156,-17,-0.02,90
1740042964.255424236,-0.0176261,-1,-0.02,90
1740042964.259035332,-0.0196998,2,-0.02,90
1740042964.262644430,-0.0196998,17,-0.02,90
1740042964.266241267,-0.0217734,65,-0.02,90
1740042964.269838510,-0.0207366,38,-0.02,90
1740042964.273426791,-0.0207366,65,-0.02,90
1740042964.277007360,-0.0186629,42,-0.02,90
1740042964.280642035,-0.0186629,42,-0.02,90
1740042964.284222327,-0.0196998,34,-0.02,90
1740042964.287838436,-0.0196998,65,-0.02,90
1740042964.291422762,-0.0196998,65,-0.02,90
1740042964.295029876,-0.0228102,85,-0.02,90
1740042964.298646794,-0.0238471,105,-0.02,90
1740042964.302240486,-0.0228102,117,-0.02,90
1740042964.305842353,-0.0217734,72,-0.02,90
1740042964.309429799,-0.0165893,87,-0.02,90
1740042964.313013571,-0.0155524,32,-0.02,90
1740042964.316649681,-0.0145156,17,-0.02,90
1740042964.320239594,-0.0145156,16,-0.02,90
1740042964.323828834,-0.0155524,52,-0.02,90
1740042964.327430727,-0.0176261,34,-0.02,90
1740042964.331033633,-0.0207366,44,-0.02,90
1740042964.334642766,-0.0217734,71,-0.02,90
1740042964.338225837,-0.0217734,67,-0.02,90
1740042964.341835265,-0.0238471,97,-0.02,90
1740042964.345424225,-0.0248839,97,-0.02,90
1740042964.349012962,-0.0238471,125,-0.02,90
1740042964.352649323,-0.0238471,143,-0.02,90
1740042964.356233355,-0.0228102,108,-0.02,90
1740042964.359853431,-0.0228102,146,-0.02,90
1740042964.363422155,-0.0228102,173,-0.02,90
1740042964.367025090,-0.0228102,160,-0.02,90
1740042964.370628903,-0.0228102,164,-0.02,90
1740042964.374242611,-0.0217734,173,-0.02,90
1740042964.377846574,-0.0207366,156,-0.02,90
1740042964.381425402,-0.0165893,119,-0.02,90
1740042964.385012078,-0.0165893,119,-0.02,90
1740042964.388654312,-0.0155524,115,-0.02,90
1740042964.392223256,-0.0155524,115,-0.02,90
1740042964.395828689,-0.0134788,71,-0.02,90
1740042964.399423648,-0.0145156,95,-0.02,90
1740042964.403047021,-0.0165893,94,-0.02,90
1740042964.406646493,-0.0165893,94,-0.02,90
1740042964.410232494,-0.0155524,93,-0.02,90
